problem type Beams_shells
analysis_type Linear_Static
# meassure(SI) = fac** meassure(User defined)
units_names
N-m-kg        N    m  Pa       Kg     1.0       1.0      1.0      1.0
N-m-kg  N m Pa kg 1.0 1.0 1.0 1.0
end units_names
units_mesh m
units_res N-m-kg
GravityDirection=0.0 0.0 -1.0
GravityMagnitude=9.80665 Units=N-m-kg
NumOfDivisions=1
UseDrillingRotations
MainAndLocalStresses
GiveResultsStresses
OutputComposFS 0 0 0 0 0 0 0 0
OutputBeamsMaximums Automatic
# 20 degrees
DoSmoothing 0.35
NewPostProcessFormat 1
CoplanarityAngle=0.1
solver=Pardiso
NumCPUs 0
WriteResultsFormat=binary2
yield_criterion von_mises
combined_load_cases
active
combined_load name=Mode_1 type=strengths
1.0,Loadcase_1,0.0,Loadcase_2,0.0,Loadcase_3,0.0,Loadcase_4,0.0,Loadcase_5,0.0,Loadcase_6,0.0,Loadcase_7,0.0,Loadcase_8,0.0,Loadcase_9,0.0,Loadcase_10
end combined_load
combined_load name=Mode_2 type=strengths
0.0,Loadcase_1,1.0,Loadcase_2,0.0,Loadcase_3,0.0,Loadcase_4,0.0,Loadcase_5,0.0,Loadcase_6,0.0,Loadcase_7,0.0,Loadcase_8,0.0,Loadcase_9,0.0,Loadcase_10
end combined_load
combined_load name=Mode_3 type=strengths
0.0,Loadcase_1,0.0,Loadcase_2,1.0,Loadcase_3,0.0,Loadcase_4,0.0,Loadcase_5,0.0,Loadcase_6,0.0,Loadcase_7,0.0,Loadcase_8,0.0,Loadcase_9,0.0,Loadcase_10
end combined_load
combined_load name=Mode_4 type=strengths
0.0,Loadcase_1,0.0,Loadcase_2,0.0,Loadcase_3,1.0,Loadcase_4,0.0,Loadcase_5,0.0,Loadcase_6,0.0,Loadcase_7,0.0,Loadcase_8,0.0,Loadcase_9,0.0,Loadcase_10
end combined_load
combined_load name=Mode_5 type=strengths
0.0,Loadcase_1,0.0,Loadcase_2,0.0,Loadcase_3,0.0,Loadcase_4,1.0,Loadcase_5,0.0,Loadcase_6,0.0,Loadcase_7,0.0,Loadcase_8,0.0,Loadcase_9,0.0,Loadcase_10
end combined_load
combined_load name=Mode_6 type=strengths
0.0,Loadcase_1,0.0,Loadcase_2,0.0,Loadcase_3,0.0,Loadcase_4,0.0,Loadcase_5,1.0,Loadcase_6,0.0,Loadcase_7,0.0,Loadcase_8,0.0,Loadcase_9,0.0,Loadcase_10
end combined_load
combined_load name=Mode_7 type=strengths
0.0,Loadcase_1,0.0,Loadcase_2,0.0,Loadcase_3,0.0,Loadcase_4,0.0,Loadcase_5,0.0,Loadcase_6,1.0,Loadcase_7,0.0,Loadcase_8,0.0,Loadcase_9,0.0,Loadcase_10
end combined_load
combined_load name=Mode_8 type=strengths
0.0,Loadcase_1,0.0,Loadcase_2,0.0,Loadcase_3,0.0,Loadcase_4,0.0,Loadcase_5,0.0,Loadcase_6,0.0,Loadcase_7,1.0,Loadcase_8,0.0,Loadcase_9,0.0,Loadcase_10
end combined_load
combined_load name=Mode_9 type=strengths
0.0,Loadcase_1,0.0,Loadcase_2,0.0,Loadcase_3,0.0,Loadcase_4,0.0,Loadcase_5,0.0,Loadcase_6,0.0,Loadcase_7,0.0,Loadcase_8,1.0,Loadcase_9,0.0,Loadcase_10
end combined_load
combined_load name=Mode_10 type=strengths
0.0,Loadcase_1,0.0,Loadcase_2,0.0,Loadcase_3,0.0,Loadcase_4,0.0,Loadcase_5,0.0,Loadcase_6,0.0,Loadcase_7,0.0,Loadcase_8,0.0,Loadcase_9,1.0,Loadcase_10
end combined_load
end combined_load_cases
materials
1 Units=N-m-kg group_name=Mesh%5F1 t=0.008 E=3000000000.0 nu=0.3 Weight=0.0
end material
mesh dimension = 3 elemtype Triangle nnode = 3
coordinates
1 -0.14649600 -0.02033500 0.01997600
2 -0.14649600 -0.01233500 0.01997600
3 -0.14649600 -0.02033500 0.02814254
4 -0.14649600 -0.01233500 0.02814254
5 -0.14649600 -0.00433500 0.01997600
6 -0.14649600 -0.02033500 0.03630908
7 -0.14649600 -0.00433500 0.02814254
8 -0.14649600 -0.01233500 0.03630908
9 -0.14649600 -0.00433500 0.03630908
10 -0.14649600 0.00366500 0.01997600
11 -0.14649600 -0.02033500 0.04447563
12 -0.14649600 0.00366500 0.02814254
13 -0.14649600 -0.01233500 0.04447562
14 -0.14649600 0.00366500 0.03630908
15 -0.14649600 -0.00433500 0.04447562
16 -0.14649600 0.01166500 0.01997600
17 -0.14649600 -0.02033500 0.05264217
18 -0.14649600 0.01166500 0.02814254
19 -0.14649600 -0.01233500 0.05264217
20 -0.14649600 0.00366500 0.04447562
21 -0.14649600 0.01166500 0.03630908
22 -0.14649600 -0.00433500 0.05264217
23 -0.14649600 0.01966500 0.01997600
24 -0.14649600 0.01166500 0.04447563
25 -0.14649600 0.00366500 0.05264217
26 -0.14649600 0.01966500 0.02814254
27 -0.14649600 -0.02033500 0.06080871
28 -0.14649600 -0.01233500 0.06080871
29 -0.14649600 0.01966500 0.03630908
30 -0.14649600 -0.00433500 0.06080871
31 -0.14649600 0.01166500 0.05264217
32 -0.14649600 0.01966500 0.04447563
33 -0.14649600 0.00366500 0.06080871
34 -0.14649600 -0.02033500 0.06897525
35 -0.14649600 -0.01233500 0.06897525
36 -0.14649600 -0.00433500 0.06897525
37 -0.14649600 0.01966500 0.05264217
38 -0.14649600 0.01166500 0.06080871
39 -0.14649600 0.00366500 0.06897525
40 -0.14649600 0.01966500 0.06080871
41 -0.14649600 -0.02033500 0.07714179
42 -0.14649600 -0.01233500 0.07714179
43 -0.14649600 0.01166500 0.06897525
44 -0.14649600 -0.00433500 0.07714179
45 -0.14649600 0.00366500 0.07714179
46 -0.14649600 0.01966500 0.06897525
47 -0.14649600 -0.02033500 0.08530833
48 -0.14649600 0.01166500 0.07714179
49 -0.14649600 -0.01233500 0.08530833
50 -0.14649600 -0.00433500 0.08530833
51 -0.14649600 0.00366500 0.08530833
52 -0.14649600 0.01966500 0.07714179
53 -0.14649600 0.01166500 0.08530833
54 -0.14649600 -0.02033500 0.09347488
55 -0.14649600 -0.01233500 0.09347488
56 -0.14649600 -0.00433500 0.09347487
57 -0.14649600 0.01966500 0.08530833
58 -0.14649600 0.00366500 0.09347487
59 -0.14649600 0.01166500 0.09347488
60 -0.14649600 -0.02033500 0.10164142
61 -0.14649600 -0.01233500 0.10164142
62 -0.14649600 -0.00433500 0.10164142
63 -0.14649600 0.01966500 0.09347488
64 -0.14649600 0.00366500 0.10164142
65 -0.14649600 0.01166500 0.10164142
66 -0.14649600 -0.02033500 0.10980796
67 -0.14649600 -0.01233500 0.10980796
68 -0.14649600 0.01966500 0.10164142
69 -0.14649600 -0.00433500 0.10980796
70 -0.14649600 0.00366500 0.10980796
71 -0.14649600 0.01166500 0.10980796
72 -0.14649600 -0.02033500 0.11797450
73 -0.14649600 -0.01233500 0.11797450
74 -0.14649600 0.01966500 0.10980796
75 -0.14649600 -0.00433500 0.11797450
76 -0.14649600 0.00366500 0.11797450
77 -0.14649600 0.01166500 0.11797450
78 -0.14649600 0.01966500 0.11797450
79 -0.14649600 -0.02033500 0.12614104
80 -0.14649600 -0.01233500 0.12614104
81 -0.14649600 -0.00433500 0.12614104
82 -0.14649600 0.00366500 0.12614104
83 -0.14649600 0.01166500 0.12614104
84 -0.14649600 0.01966500 0.12614104
85 -0.14649600 -0.02033500 0.13430758
86 -0.14649600 -0.01233500 0.13430758
87 -0.14649600 -0.00433500 0.13430758
88 -0.14649600 0.00366500 0.13430758
89 -0.14649600 0.01166500 0.13430758
90 -0.14649600 0.01966500 0.13430758
91 -0.14649600 -0.02033500 0.14247413
92 -0.14649600 -0.01233500 0.14247413
93 -0.14649600 -0.00433500 0.14247412
94 -0.14649600 0.00366500 0.14247413
95 -0.14649600 0.01166500 0.14247413
96 -0.14649600 0.01966500 0.14247413
97 -0.14649600 -0.02033500 0.15064067
98 -0.14649600 -0.01233500 0.15064067
99 -0.14649600 -0.00433500 0.15064067
100 -0.14649600 0.00366500 0.15064067
101 -0.14649600 0.01166500 0.15064067
102 -0.14649600 0.01966500 0.15064067
103 -0.14649600 -0.02033500 0.15880721
104 -0.14649600 -0.01233500 0.15880721
105 -0.14649600 -0.00433500 0.15880721
106 -0.14649600 0.00366500 0.15880721
107 -0.14649600 0.01166500 0.15880721
108 -0.14649600 0.01966500 0.15880721
109 -0.14649600 -0.02033500 0.16697375
110 -0.14649600 -0.01233500 0.16697375
111 -0.14649600 -0.00433500 0.16697375
112 -0.14649600 0.00366500 0.16697375
113 -0.14649600 0.01166500 0.16697375
114 -0.14649600 0.01966500 0.16697375
115 -0.14649600 -0.02033500 0.17514029
116 -0.14649600 -0.01233500 0.17514029
117 -0.14649600 -0.00433500 0.17514029
118 -0.14649600 0.00366500 0.17514029
119 -0.14649600 0.01166500 0.17514029
120 -0.14649600 0.01966500 0.17514029
121 -0.14649600 -0.02033500 0.18330683
122 -0.14649600 -0.01233500 0.18330683
123 -0.14649600 -0.00433500 0.18330683
124 -0.14649600 0.00366500 0.18330683
125 -0.14649600 0.01166500 0.18330683
126 -0.14649600 0.01966500 0.18330683
127 -0.14649600 -0.02033500 0.19147338
128 -0.14649600 -0.01233500 0.19147338
129 -0.14649600 -0.00433500 0.19147338
130 -0.14649600 0.00366500 0.19147338
131 -0.14649600 0.01166500 0.19147338
132 -0.14649600 0.01966500 0.19147338
133 -0.14649600 -0.02033500 0.19963992
134 -0.14649600 -0.01233500 0.19963992
135 -0.14649600 -0.00433500 0.19963992
136 -0.14649600 0.00366500 0.19963992
137 -0.14649600 0.01166500 0.19963992
138 -0.14649600 0.01966500 0.19963992
139 -0.14649600 -0.02033500 0.20780646
140 -0.14649600 -0.01233500 0.20780646
141 -0.14649600 -0.00433500 0.20780646
142 -0.14649600 0.00366500 0.20780646
143 -0.14649600 0.01166500 0.20780646
144 -0.14649600 0.01966500 0.20780646
145 -0.14649600 -0.02033500 0.21597300
146 -0.14503602 -0.02033500 0.21597300
147 -0.14357604 -0.02033500 0.21597300
148 -0.14211606 -0.02033500 0.21597300
149 -0.14065608 -0.02033500 0.21597300
150 -0.13919610 -0.02033500 0.21597300
151 -0.14649600 -0.01233500 0.21597300
152 -0.14503602 -0.01233500 0.21597300
153 -0.14357604 -0.01233500 0.21597300
154 -0.13773612 -0.02033500 0.21597300
155 -0.14211606 -0.01233500 0.21597300
156 -0.14065608 -0.01233500 0.21597300
157 -0.13627614 -0.02033500 0.21597300
158 -0.13919610 -0.01233500 0.21597300
159 -0.13481616 -0.02033500 0.21597300
160 -0.13773612 -0.01233500 0.21597300
161 -0.13627614 -0.01233500 0.21597300
162 -0.13335618 -0.02033500 0.21597300
163 -0.13481616 -0.01233500 0.21597300
164 -0.13189620 -0.02033500 0.21597300
165 -0.13335618 -0.01233500 0.21597300
166 -0.14649600 -0.00433500 0.21597300
167 -0.13043622 -0.02033500 0.21597300
168 -0.14503602 -0.00433500 0.21597300
169 -0.14357604 -0.00433500 0.21597300
170 -0.14211606 -0.00433500 0.21597300
171 -0.13189620 -0.01233500 0.21597300
172 -0.14065608 -0.00433500 0.21597300
173 -0.12897624 -0.02033500 0.21597300
174 -0.13919610 -0.00433500 0.21597300
175 -0.13043622 -0.01233500 0.21597300
176 -0.13773612 -0.00433500 0.21597300
177 -0.12751626 -0.02033500 0.21597300
178 -0.13627614 -0.00433500 0.21597300
179 -0.12897624 -0.01233500 0.21597300
180 -0.13481616 -0.00433500 0.21597300
181 -0.12605628 -0.02033500 0.21597300
182 -0.12751626 -0.01233500 0.21597300
183 -0.13335618 -0.00433500 0.21597300
184 -0.13189620 -0.00433500 0.21597300
185 -0.12459630 -0.02033500 0.21597300
186 -0.12605628 -0.01233500 0.21597300
187 -0.13043622 -0.00433500 0.21597300
188 -0.12459630 -0.01233500 0.21597300
189 -0.12313632 -0.02033500 0.21597300
190 -0.12897624 -0.00433500 0.21597300
191 -0.14649600 0.00366500 0.21597300
192 -0.14503602 0.00366500 0.21597300
193 -0.14357604 0.00366500 0.21597300
194 -0.14211606 0.00366500 0.21597300
195 -0.12313632 -0.01233500 0.21597300
196 -0.14065608 0.00366500 0.21597300
197 -0.12167634 -0.02033500 0.21597300
198 -0.12751626 -0.00433500 0.21597300
199 -0.13919610 0.00366500 0.21597300
200 -0.13773612 0.00366500 0.21597300
201 -0.12605628 -0.00433500 0.21597300
202 -0.12167634 -0.01233500 0.21597300
203 -0.13627614 0.00366500 0.21597300
204 -0.12021636 -0.02033500 0.21597300
205 -0.13481616 0.00366500 0.21597300
206 -0.12459630 -0.00433500 0.21597300
207 -0.13335618 0.00366500 0.21597300
208 -0.12021636 -0.01233500 0.21597300
209 -0.11875638 -0.02033500 0.21597300
210 -0.13189620 0.00366500 0.21597300
211 -0.12313632 -0.00433500 0.21597300
212 -0.11875638 -0.01233500 0.21597300
213 -0.13043622 0.00366500 0.21597300
214 -0.11729640 -0.02033500 0.21597300
215 -0.12167634 -0.00433500 0.21597300
216 -0.12897624 0.00366500 0.21597300
217 -0.11729640 -0.01233500 0.21597300
218 -0.12751626 0.00366500 0.21597300
219 -0.11583642 -0.02033500 0.21597300
220 -0.12021636 -0.00433500 0.21597300
221 -0.12605628 0.00366500 0.21597300
222 -0.11583642 -0.01233500 0.21597300
223 -0.14649600 0.01166500 0.21597300
224 -0.11875638 -0.00433500 0.21597300
225 -0.14503602 0.01166500 0.21597300
226 -0.11437644 -0.02033500 0.21597300
227 -0.14357604 0.01166500 0.21597300
228 -0.14211606 0.01166500 0.21597300
229 -0.12459630 0.00366500 0.21597300
230 -0.14065608 0.01166500 0.21597300
231 -0.13919610 0.01166500 0.21597300
232 -0.11437644 -0.01233500 0.21597300
233 -0.13773612 0.01166500 0.21597300
234 -0.11729640 -0.00433500 0.21597300
235 -0.12313632 0.00366500 0.21597300
236 -0.11291646 -0.02033500 0.21597300
237 -0.13627614 0.01166500 0.21597300
238 -0.13481616 0.01166500 0.21597300
239 -0.11291646 -0.01233500 0.21597300
240 -0.12167634 0.00366500 0.21597300
241 -0.11583642 -0.00433500 0.21597300
242 -0.13335618 0.01166500 0.21597300
243 -0.11145648 -0.02033500 0.21597300
244 -0.13189620 0.01166500 0.21597300
245 -0.12021636 0.00366500 0.21597300
246 -0.13043622 0.01166500 0.21597300
247 -0.11437644 -0.00433500 0.21597300
248 -0.11145648 -0.01233500 0.21597300
249 -0.12897624 0.01166500 0.21597300
250 -0.10999650 -0.02033500 0.21597300
251 -0.11875638 0.00366500 0.21597300
252 -0.11291646 -0.00433500 0.21597300
253 -0.12751626 0.01166500 0.21597300
254 -0.10999650 -0.01233500 0.21597300
255 -0.11729640 0.00366500 0.21597300
256 -0.10853652 -0.02033500 0.21597300
257 -0.12605628 0.01166500 0.21597300
258 -0.11145648 -0.00433500 0.21597300
259 -0.12459630 0.01166500 0.21597300
260 -0.10853652 -0.01233500 0.21597300
261 -0.11583642 0.00366500 0.21597300
262 -0.10707654 -0.02033500 0.21597300
263 -0.12313632 0.01166500 0.21597300
264 -0.10999650 -0.00433500 0.21597300
265 -0.14649600 0.01966500 0.21597300
266 -0.14503602 0.01966500 0.21597300
267 -0.11437644 0.00366500 0.21597300
268 -0.14357604 0.01966500 0.21597300
269 -0.10707654 -0.01233500 0.21597300
270 -0.14211606 0.01966500 0.21597300
271 -0.14065608 0.01966500 0.21597300
272 -0.12167634 0.01166500 0.21597300
273 -0.13919610 0.01966500 0.21597300
274 -0.10561656 -0.02033500 0.21597300
275 -0.13773612 0.01966500 0.21597300
276 -0.10853652 -0.00433500 0.21597300
277 -0.11291646 0.00366500 0.21597300
278 -0.13627614 0.01966500 0.21597300
279 -0.12021636 0.01166500 0.21597300
280 -0.10561656 -0.01233500 0.21597300
281 -0.13481616 0.01966500 0.21597300
282 -0.13335618 0.01966500 0.21597300
283 -0.10415658 -0.02033500 0.21597300
284 -0.11875638 0.01166500 0.21597300
285 -0.11145648 0.00366500 0.21597300
286 -0.10707654 -0.00433500 0.21597300
287 -0.13189620 0.01966500 0.21597300
288 -0.10415658 -0.01233500 0.21597300
289 -0.13043622 0.01966500 0.21597300
290 -0.11729640 0.01166500 0.21597300
291 -0.12897624 0.01966500 0.21597300
292 -0.10999650 0.00366500 0.21597300
293 -0.10269660 -0.02033500 0.21597300
294 -0.10561656 -0.00433500 0.21597300
295 -0.12751626 0.01966500 0.21597300
296 -0.11583642 0.01166500 0.21597300
297 -0.10269660 -0.01233500 0.21597300
298 -0.10853652 0.00366500 0.21597300
299 -0.12605628 0.01966500 0.21597300
300 -0.10123662 -0.02033500 0.21597300
301 -0.10415658 -0.00433500 0.21597300
302 -0.11437644 0.01166500 0.21597300
303 -0.12459630 0.01966500 0.21597300
304 -0.10123662 -0.01233500 0.21597300
305 -0.10707654 0.00366500 0.21597300
306 -0.12313632 0.01966500 0.21597300
307 -0.11291646 0.01166500 0.21597300
308 -0.10269660 -0.00433500 0.21597300
309 -0.09977664 -0.02033500 0.21597300
310 -0.12167634 0.01966500 0.21597300
311 -0.09977664 -0.01233500 0.21597300
312 -0.10561656 0.00366500 0.21597300
313 -0.11145648 0.01166500 0.21597300
314 -0.12021636 0.01966500 0.21597300
315 -0.10123662 -0.00433500 0.21597300
316 -0.09831666 -0.02033500 0.21597300
317 -0.10999650 0.01166500 0.21597300
318 -0.10415658 0.00366500 0.21597300
319 -0.11875638 0.01966500 0.21597300
320 -0.09831666 -0.01233500 0.21597300
321 -0.09977664 -0.00433500 0.21597300
322 -0.11729640 0.01966500 0.21597300
323 -0.09685668 -0.02033500 0.21597300
324 -0.10853652 0.01166500 0.21597300
325 -0.10269660 0.00366500 0.21597300
326 -0.09685668 -0.01233500 0.21597300
327 -0.11583642 0.01966500 0.21597300
328 -0.09831666 -0.00433500 0.21597300
329 -0.10707654 0.01166500 0.21597300
330 -0.09539670 -0.02033500 0.21597300
331 -0.10123662 0.00366500 0.21597300
332 -0.11437644 0.01966500 0.21597300
333 -0.09539670 -0.01233500 0.21597300
334 -0.10561656 0.01166500 0.21597300
335 -0.09685668 -0.00433500 0.21597300
336 -0.11291646 0.01966500 0.21597300
337 -0.09977664 0.00366500 0.21597300
338 -0.09393672 -0.02033500 0.21597300
339 -0.10415658 0.01166500 0.21597300
340 -0.09393672 -0.01233500 0.21597300
341 -0.11145648 0.01966500 0.21597300
342 -0.09539670 -0.00433500 0.21597300
343 -0.09831666 0.00366500 0.21597300
344 -0.09247674 -0.02033500 0.21597300
345 -0.10999650 0.01966500 0.21597300
346 -0.10269660 0.01166500 0.21597300
347 -0.09247674 -0.01233500 0.21597300
348 -0.09393672 -0.00433500 0.21597300
349 -0.09685668 0.00366500 0.21597300
350 -0.10853652 0.01966500 0.21597300
351 -0.10123662 0.01166500 0.21597300
352 -0.09101676 -0.02033500 0.21597300
353 -0.09101676 -0.01233500 0.21597300
354 -0.10707654 0.01966500 0.21597300
355 -0.09247674 -0.00433500 0.21597300
356 -0.09539670 0.00366500 0.21597300
357 -0.09977664 0.01166500 0.21597300
358 -0.08955678 -0.02033500 0.21597300
359 -0.10561656 0.01966500 0.21597300
360 -0.08955678 -0.01233500 0.21597300
361 -0.09101676 -0.00433500 0.21597300
362 -0.09393672 0.00366500 0.21597300
363 -0.09831666 0.01166500 0.21597300
364 -0.10415658 0.01966500 0.21597300
365 -0.08809680 -0.02033500 0.21597300
366 -0.08809680 -0.01233500 0.21597300
367 -0.09685668 0.01166500 0.21597300
368 -0.09247674 0.00366500 0.21597300
369 -0.08955678 -0.00433500 0.21597300
370 -0.10269660 0.01966500 0.21597300
371 -0.08663682 -0.02033500 0.21597300
372 -0.09539670 0.01166500 0.21597300
373 -0.08663682 -0.01233500 0.21597300
374 -0.10123662 0.01966500 0.21597300
375 -0.09101676 0.00366500 0.21597300
376 -0.08809680 -0.00433500 0.21597300
377 -0.08517684 -0.02033500 0.21597300
378 -0.09977664 0.01966500 0.21597300
379 -0.09393672 0.01166500 0.21597300
380 -0.08955678 0.00366500 0.21597300
381 -0.08517684 -0.01233500 0.21597300
382 -0.08663682 -0.00433500 0.21597300
383 -0.09831666 0.01966500 0.21597300
384 -0.08371686 -0.02033500 0.21597300
385 -0.09247674 0.01166500 0.21597300
386 -0.08809680 0.00366500 0.21597300
387 -0.08371686 -0.01233500 0.21597300
388 -0.08517684 -0.00433500 0.21597300
389 -0.09685668 0.01966500 0.21597300
390 -0.09101676 0.01166500 0.21597300
391 -0.08225688 -0.02033500 0.21597300
392 -0.08663682 0.00366500 0.21597300
393 -0.08225688 -0.01233500 0.21597300
394 -0.08371686 -0.00433500 0.21597300
395 -0.09539670 0.01966500 0.21597300
396 -0.08955678 0.01166500 0.21597300
397 -0.08079690 -0.02033500 0.21597300
398 -0.08517684 0.00366500 0.21597300
399 -0.09393672 0.01966500 0.21597300
400 -0.08079690 -0.01233500 0.21597300
401 -0.08225688 -0.00433500 0.21597300
402 -0.08809680 0.01166500 0.21597300
403 -0.07933692 -0.02033500 0.21597300
404 -0.08371686 0.00366500 0.21597300
405 -0.09247674 0.01966500 0.21597300
406 -0.08079690 -0.00433500 0.21597300
407 -0.07933692 -0.01233500 0.21597300
408 -0.08663682 0.01166500 0.21597300
409 -0.09101676 0.01966500 0.21597300
410 -0.08225688 0.00366500 0.21597300
411 -0.07787694 -0.02033500 0.21597300
412 -0.07933692 -0.00433500 0.21597300
413 -0.07787694 -0.01233500 0.21597300
414 -0.08517684 0.01166500 0.21597300
415 -0.08955678 0.01966500 0.21597300
416 -0.08079690 0.00366500 0.21597300
417 -0.07641696 -0.02033500 0.21597300
418 -0.07787694 -0.00433500 0.21597300
419 -0.08371686 0.01166500 0.21597300
420 -0.07641696 -0.01233500 0.21597300
421 -0.08809680 0.01966500 0.21597300
422 -0.07933692 0.00366500 0.21597300
423 -0.07495698 -0.02033500 0.21597300
424 -0.08225688 0.01166500 0.21597300
425 -0.07641696 -0.00433500 0.21597300
426 -0.07495698 -0.01233500 0.21597300
427 -0.08663682 0.01966500 0.21597300
428 -0.07787694 0.00366500 0.21597300
429 -0.07349700 -0.02033500 0.21597300
430 -0.08079690 0.01166500 0.21597300
431 -0.08517684 0.01966500 0.21597300
432 -0.07495698 -0.00433500 0.21597300
433 -0.07349700 -0.01233500 0.21597300
434 -0.07641696 0.00366500 0.21597300
435 -0.07933692 0.01166500 0.21597300
436 -0.08371686 0.01966500 0.21597300
437 -0.07203702 -0.02033500 0.21597300
438 -0.07349700 -0.00433500 0.21597300
439 -0.07203702 -0.01233500 0.21597300
440 -0.07495698 0.00366500 0.21597300
441 -0.08225688 0.01966500 0.21597300
442 -0.07787694 0.01166500 0.21597300
443 -0.07057704 -0.02033500 0.21597300
444 -0.07203702 -0.00433500 0.21597300
445 -0.07057704 -0.01233500 0.21597300
446 -0.07349700 0.00366500 0.21597300
447 -0.08079690 0.01966500 0.21597300
448 -0.07641696 0.01166500 0.21597300
449 -0.06911706 -0.02033500 0.21597300
450 -0.07057704 -0.00433500 0.21597300
451 -0.06911706 -0.01233500 0.21597300
452 -0.07933692 0.01966500 0.21597300
453 -0.07203702 0.00366500 0.21597300
454 -0.07495698 0.01166500 0.21597300
455 -0.06765708 -0.02033500 0.21597300
456 -0.06911706 -0.00433500 0.21597300
457 -0.06765708 -0.01233500 0.21597300
458 -0.07787694 0.01966500 0.21597300
459 -0.07057704 0.00366500 0.21597300
460 -0.07349700 0.01166500 0.21597300
461 -0.06619710 -0.02033500 0.21597300
462 -0.06765708 -0.00433500 0.21597300
463 -0.07641696 0.01966500 0.21597300
464 -0.06619710 -0.01233500 0.21597300
465 -0.06911706 0.00366500 0.21597300
466 -0.07203702 0.01166500 0.21597300
467 -0.06473712 -0.02033500 0.21597300
468 -0.06619710 -0.00433500 0.21597300
469 -0.07495698 0.01966500 0.21597300
470 -0.06473712 -0.01233500 0.21597300
471 -0.07057704 0.01166500 0.21597300
472 -0.06765708 0.00366500 0.21597300
473 -0.06327714 -0.02033500 0.21597300
474 -0.07349700 0.01966500 0.21597300
475 -0.06473712 -0.00433500 0.21597300
476 -0.06327714 -0.01233500 0.21597300
477 -0.06911706 0.01166500 0.21597300
478 -0.06619710 0.00366500 0.21597300
479 -0.07203702 0.01966500 0.21597300
480 -0.06181716 -0.02033500 0.21597300
481 -0.06327714 -0.00433500 0.21597300
482 -0.06181716 -0.01233500 0.21597300
483 -0.06765708 0.01166500 0.21597300
484 -0.06473712 0.00366500 0.21597300
485 -0.07057704 0.01966500 0.21597300
486 -0.06035718 -0.02033500 0.21597300
487 -0.06181716 -0.00433500 0.21597300
488 -0.06619710 0.01166500 0.21597300
489 -0.06035718 -0.01233500 0.21597300
490 -0.06327714 0.00366500 0.21597300
491 -0.06911706 0.01966500 0.21597300
492 -0.05889720 -0.02033500 0.21597300
493 -0.06035718 -0.00433500 0.21597300
494 -0.06473712 0.01166500 0.21597300
495 -0.05889720 -0.01233500 0.21597300
496 -0.06181716 0.00366500 0.21597300
497 -0.06765708 0.01966500 0.21597300
498 -0.05889720 -0.00433500 0.21597300
499 -0.05743722 -0.02033500 0.21597300
500 -0.06327714 0.01166500 0.21597300
501 -0.05743722 -0.01233500 0.21597300
502 -0.06035718 0.00366500 0.21597300
503 -0.06619710 0.01966500 0.21597300
504 -0.05743722 -0.00433500 0.21597300
505 -0.05597724 -0.02033500 0.21597300
506 -0.06181716 0.01166500 0.21597300
507 -0.05889720 0.00366500 0.21597300
508 -0.05597724 -0.01233500 0.21597300
509 -0.06473712 0.01966500 0.21597300
510 -0.06035718 0.01166500 0.21597300
511 -0.05597724 -0.00433500 0.21597300
512 -0.05451726 -0.02033500 0.21597300
513 -0.05743722 0.00366500 0.21597300
514 -0.05451726 -0.01233500 0.21597300
515 -0.06327714 0.01966500 0.21597300
516 -0.05889720 0.01166500 0.21597300
517 -0.05451726 -0.00433500 0.21597300
518 -0.05305728 -0.02033500 0.21597300
519 -0.05597724 0.00366500 0.21597300
520 -0.06181716 0.01966500 0.21597300
521 -0.05305728 -0.01233500 0.21597300
522 -0.05743722 0.01166500 0.21597300
523 -0.05305728 -0.00433500 0.21597300
524 -0.05159730 -0.02033500 0.21597300
525 -0.06035718 0.01966500 0.21597300
526 -0.05451726 0.00366500 0.21597300
527 -0.05159730 -0.01233500 0.21597300
528 -0.05597724 0.01166500 0.21597300
529 -0.05159730 -0.00433500 0.21597300
530 -0.05889720 0.01966500 0.21597300
531 -0.05013732 -0.02033500 0.21597300
532 -0.05305728 0.00366500 0.21597300
533 -0.05013732 -0.01233500 0.21597300
534 -0.05451726 0.01166500 0.21597300
535 -0.05743722 0.01966500 0.21597300
536 -0.05013732 -0.00433500 0.21597300
537 -0.04867734 -0.02033500 0.21597300
538 -0.05159730 0.00366500 0.21597300
539 -0.04867734 -0.01233500 0.21597300
540 -0.05305728 0.01166500 0.21597300
541 -0.05597724 0.01966500 0.21597300
542 -0.04867734 -0.00433500 0.21597300
543 -0.04721736 -0.02033500 0.21597300
544 -0.05013732 0.00366500 0.21597300
545 -0.04721736 -0.01233500 0.21597300
546 -0.05159730 0.01166500 0.21597300
547 -0.05451726 0.01966500 0.21597300
548 -0.04721736 -0.00433500 0.21597300
549 -0.04867734 0.00366500 0.21597300
550 -0.04575738 -0.02033500 0.21597300
551 -0.04575738 -0.01233500 0.21597300
552 -0.05013732 0.01166500 0.21597300
553 -0.05305728 0.01966500 0.21597300
554 -0.04575738 -0.00433500 0.21597300
555 -0.04721736 0.00366500 0.21597300
556 -0.04429740 -0.02033500 0.21597300
557 -0.04429740 -0.01233500 0.21597300
558 -0.04867734 0.01166500 0.21597300
559 -0.05159730 0.01966500 0.21597300
560 -0.04429740 -0.00433500 0.21597300
561 -0.04575738 0.00366500 0.21597300
562 -0.04283742 -0.02033500 0.21597300
563 -0.04283742 -0.01233500 0.21597300
564 -0.04721736 0.01166500 0.21597300
565 -0.05013732 0.01966500 0.21597300
566 -0.04283742 -0.00433500 0.21597300
567 -0.04429740 0.00366500 0.21597300
568 -0.04137744 -0.02033500 0.21597300
569 -0.04137744 -0.01233500 0.21597300
570 -0.04867734 0.01966500 0.21597300
571 -0.04575738 0.01166500 0.21597300
572 -0.04137744 -0.00433500 0.21597300
573 -0.04283742 0.00366500 0.21597300
574 -0.03991746 -0.02033500 0.21597300
575 -0.03991746 -0.01233500 0.21597300
576 -0.04721736 0.01966500 0.21597300
577 -0.04429740 0.01166500 0.21597300
578 -0.03991746 -0.00433500 0.21597300
579 -0.04137744 0.00366500 0.21597300
580 -0.03845748 -0.02033500 0.21597300
581 -0.03845748 -0.01233500 0.21597300
582 -0.04575738 0.01966500 0.21597300
583 -0.04283742 0.01166500 0.21597300
584 -0.03845748 -0.00433500 0.21597300
585 -0.03991746 0.00366500 0.21597300
586 -0.03699750 -0.02033500 0.21597300
587 -0.04429740 0.01966500 0.21597300
588 -0.03699750 -0.01233500 0.21597300
589 -0.04137744 0.01166500 0.21597300
590 -0.03699750 -0.00433500 0.21597300
591 -0.03845748 0.00366500 0.21597300
592 -0.03553752 -0.02033500 0.21597300
593 -0.04283742 0.01966500 0.21597300
594 -0.03553752 -0.01233500 0.21597300
595 -0.03991746 0.01166500 0.21597300
596 -0.03699750 0.00366500 0.21597300
597 -0.03553752 -0.00433500 0.21597300
598 -0.03407754 -0.02033500 0.21597300
599 -0.04137744 0.01966500 0.21597300
600 -0.03845748 0.01166500 0.21597300
601 -0.03407754 -0.01233500 0.21597300
602 -0.03553752 0.00366500 0.21597300
603 -0.03407754 -0.00433500 0.21597300
604 -0.03991746 0.01966500 0.21597300
605 -0.03261756 -0.02033500 0.21597300
606 -0.03699750 0.01166500 0.21597300
607 -0.03261756 -0.01233500 0.21597300
608 -0.03407754 0.00366500 0.21597300
609 -0.03261756 -0.00433500 0.21597300
610 -0.03845748 0.01966500 0.21597300
611 -0.03115758 -0.02033500 0.21597300
612 -0.03553752 0.01166500 0.21597300
613 -0.03115758 -0.01233500 0.21597300
614 -0.03261756 0.00366500 0.21597300
615 -0.03115758 -0.00433500 0.21597300
616 -0.03699750 0.01966500 0.21597300
617 -0.02969760 -0.02033500 0.21597300
618 -0.03407754 0.01166500 0.21597300
619 -0.02969760 -0.01233500 0.21597300
620 -0.03115758 0.00366500 0.21597300
621 -0.02969760 -0.00433500 0.21597300
622 -0.03553752 0.01966500 0.21597300
623 -0.02823762 -0.02033500 0.21597300
624 -0.03261756 0.01166500 0.21597300
625 -0.02823762 -0.01233500 0.21597300
626 -0.02969760 0.00366500 0.21597300
627 -0.03407754 0.01966500 0.21597300
628 -0.02823762 -0.00433500 0.21597300
629 -0.03115758 0.01166500 0.21597300
630 -0.02677764 -0.02033500 0.21597300
631 -0.02677764 -0.01233500 0.21597300
632 -0.02823762 0.00366500 0.21597300
633 -0.03261756 0.01966500 0.21597300
634 -0.02677764 -0.00433500 0.21597300
635 -0.02969760 0.01166500 0.21597300
636 -0.02531766 -0.02033500 0.21597300
637 -0.02531766 -0.01233500 0.21597300
638 -0.03115758 0.01966500 0.21597300
639 -0.02677764 0.00366500 0.21597300
640 -0.02531766 -0.00433500 0.21597300
641 -0.02823762 0.01166500 0.21597300
642 -0.02385768 -0.02033500 0.21597300
643 -0.02385768 -0.01233500 0.21597300
644 -0.02969760 0.01966500 0.21597300
645 -0.02531766 0.00366500 0.21597300
646 -0.02385768 -0.00433500 0.21597300
647 -0.02677764 0.01166500 0.21597300
648 -0.02239770 -0.02033500 0.21597300
649 -0.02239770 -0.01233500 0.21597300
650 -0.02823762 0.01966500 0.21597300
651 -0.02385768 0.00366500 0.21597300
652 -0.02239770 -0.00433500 0.21597300
653 -0.02531766 0.01166500 0.21597300
654 -0.02093772 -0.02033500 0.21597300
655 -0.02093772 -0.01233500 0.21597300
656 -0.02677764 0.01966500 0.21597300
657 -0.02239770 0.00366500 0.21597300
658 -0.02093772 -0.00433500 0.21597300
659 -0.02385768 0.01166500 0.21597300
660 -0.01947774 -0.02033500 0.21597300
661 -0.01947774 -0.01233500 0.21597300
662 -0.02531766 0.01966500 0.21597300
663 -0.02093772 0.00366500 0.21597300
664 -0.01947774 -0.00433500 0.21597300
665 -0.02239770 0.01166500 0.21597300
666 -0.01801776 -0.02033500 0.21597300
667 -0.01801776 -0.01233500 0.21597300
668 -0.02385768 0.01966500 0.21597300
669 -0.01947774 0.00366500 0.21597300
670 -0.01801776 -0.00433500 0.21597300
671 -0.02093772 0.01166500 0.21597300
672 -0.01655778 -0.02033500 0.21597300
673 -0.01655778 -0.01233500 0.21597300
674 -0.02239770 0.01966500 0.21597300
675 -0.01801776 0.00366500 0.21597300
676 -0.01655778 -0.00433500 0.21597300
677 -0.01947774 0.01166500 0.21597300
678 -0.01509780 -0.02033500 0.21597300
679 -0.01509780 -0.01233500 0.21597300
680 -0.02093772 0.01966500 0.21597300
681 -0.01655778 0.00366500 0.21597300
682 -0.01509780 -0.00433500 0.21597300
683 -0.01801776 0.01166500 0.21597300
684 -0.01363782 -0.02033500 0.21597300
685 -0.01363782 -0.01233500 0.21597300
686 -0.01947774 0.01966500 0.21597300
687 -0.01509780 0.00366500 0.21597300
688 -0.01363782 -0.00433500 0.21597300
689 -0.01655778 0.01166500 0.21597300
690 -0.01217784 -0.02033500 0.21597300
691 -0.01217784 -0.01233500 0.21597300
692 -0.01801776 0.01966500 0.21597300
693 -0.01363782 0.00366500 0.21597300
694 -0.01509780 0.01166500 0.21597300
695 -0.01217784 -0.00433500 0.21597300
696 -0.01071786 -0.02033500 0.21597300
697 -0.01655778 0.01966500 0.21597300
698 -0.01071786 -0.01233500 0.21597300
699 -0.01217784 0.00366500 0.21597300
700 -0.01363782 0.01166500 0.21597300
701 -0.01071786 -0.00433500 0.21597300
702 -0.00925788 -0.02033500 0.21597300
703 -0.01509780 0.01966500 0.21597300
704 -0.00925788 -0.01233500 0.21597300
705 -0.01071786 0.00366500 0.21597300
706 -0.01217784 0.01166500 0.21597300
707 -0.00925788 -0.00433500 0.21597300
708 -0.00779790 -0.02033500 0.21597300
709 -0.01363782 0.01966500 0.21597300
710 -0.00779790 -0.01233500 0.21597300
711 -0.00925788 0.00366500 0.21597300
712 -0.01071786 0.01166500 0.21597300
713 -0.00779790 -0.00433500 0.21597300
714 -0.01217784 0.01966500 0.21597300
715 -0.00633792 -0.02033500 0.21597300
716 -0.00633792 -0.01233500 0.21597300
717 -0.00779790 0.00366500 0.21597300
718 -0.00925788 0.01166500 0.21597300
719 -0.00633792 -0.00433500 0.21597300
720 -0.01071786 0.01966500 0.21597300
721 -0.00487794 -0.02033500 0.21597300
722 -0.00487794 -0.01233500 0.21597300
723 -0.00633792 0.00366500 0.21597300
724 -0.00779790 0.01166500 0.21597300
725 -0.00487794 -0.00433500 0.21597300
726 -0.00925788 0.01966500 0.21597300
727 -0.00341796 -0.02033500 0.21597300
728 -0.00341796 -0.01233500 0.21597300
729 -0.00487794 0.00366500 0.21597300
730 -0.00633792 0.01166500 0.21597300
731 -0.00341796 -0.00433500 0.21597300
732 -0.00779790 0.01966500 0.21597300
733 -0.00195798 -0.02033500 0.21597300
734 -0.00195798 -0.01233500 0.21597300
735 -0.00341796 0.00366500 0.21597300
736 -0.00487794 0.01166500 0.21597300
737 -0.00195798 -0.00433500 0.21597300
738 -0.00633792 0.01966500 0.21597300
739 -0.00049800 -0.02033500 0.21597300
740 -0.00049800 -0.01233500 0.21597300
741 -0.00195798 0.00366500 0.21597300
742 -0.00341796 0.01166500 0.21597300
743 -0.00049800 -0.00433500 0.21597300
744 -0.00487794 0.01966500 0.21597300
745 0.00096198 -0.02033500 0.21597300
746 0.00096198 -0.01233500 0.21597300
747 -0.00049800 0.00366500 0.21597300
748 -0.00195798 0.01166500 0.21597300
749 0.00096198 -0.00433500 0.21597300
750 -0.00341796 0.01966500 0.21597300
751 0.00242196 -0.02033500 0.21597300
752 0.00242196 -0.01233500 0.21597300
753 0.00096198 0.00366500 0.21597300
754 -0.00049800 0.01166500 0.21597300
755 0.00242196 -0.00433500 0.21597300
756 -0.00195798 0.01966500 0.21597300
757 0.00388194 -0.02033500 0.21597300
758 0.00388194 -0.01233500 0.21597300
759 0.00242196 0.00366500 0.21597300
760 0.00096198 0.01166500 0.21597300
761 0.00388194 -0.00433500 0.21597300
762 -0.00049800 0.01966500 0.21597300
763 0.00534192 -0.02033500 0.21597300
764 0.00534192 -0.01233500 0.21597300
765 0.00388194 0.00366500 0.21597300
766 0.00242196 0.01166500 0.21597300
767 0.00534192 -0.00433500 0.21597300
768 0.00096198 0.01966500 0.21597300
769 0.00680190 -0.02033500 0.21597300
770 0.00680190 -0.01233500 0.21597300
771 0.00534192 0.00366500 0.21597300
772 0.00388194 0.01166500 0.21597300
773 0.00680190 -0.00433500 0.21597300
774 0.00242196 0.01966500 0.21597300
775 0.00826188 -0.02033500 0.21597300
776 0.00826188 -0.01233500 0.21597300
777 0.00680190 0.00366500 0.21597300
778 0.00534192 0.01166500 0.21597300
779 0.00826188 -0.00433500 0.21597300
780 0.00388194 0.01966500 0.21597300
781 0.00972186 -0.02033500 0.21597300
782 0.00972186 -0.01233500 0.21597300
783 0.00680190 0.01166500 0.21597300
784 0.00826188 0.00366500 0.21597300
785 0.00534192 0.01966500 0.21597300
786 0.00972186 -0.00433500 0.21597300
787 0.01118184 -0.02033500 0.21597300
788 0.01118184 -0.01233500 0.21597300
789 0.00826188 0.01166500 0.21597300
790 0.00972186 0.00366500 0.21597300
791 0.00680190 0.01966500 0.21597300
792 0.01118184 -0.00433500 0.21597300
793 0.01264182 -0.02033500 0.21597300
794 0.01264182 -0.01233500 0.21597300
795 0.00972186 0.01166500 0.21597300
796 0.01118184 0.00366500 0.21597300
797 0.00826188 0.01966500 0.21597300
798 0.01264182 -0.00433500 0.21597300
799 0.01410180 -0.02033500 0.21597300
800 0.01410180 -0.01233500 0.21597300
801 0.01118184 0.01166500 0.21597300
802 0.01264182 0.00366500 0.21597300
803 0.00972186 0.01966500 0.21597300
804 0.01410180 -0.00433500 0.21597300
805 0.01556178 -0.02033500 0.21597300
806 0.01556178 -0.01233500 0.21597300
807 0.01264182 0.01166500 0.21597300
808 0.01410180 0.00366500 0.21597300
809 0.01118184 0.01966500 0.21597300
810 0.01556178 -0.00433500 0.21597300
811 0.01702176 -0.02033500 0.21597300
812 0.01702176 -0.01233500 0.21597300
813 0.01410180 0.01166500 0.21597300
814 0.01556178 0.00366500 0.21597300
815 0.01264182 0.01966500 0.21597300
816 0.01702176 -0.00433500 0.21597300
817 0.01848174 -0.02033500 0.21597300
818 0.01848174 -0.01233500 0.21597300
819 0.01556178 0.01166500 0.21597300
820 0.01702176 0.00366500 0.21597300
821 0.01410180 0.01966500 0.21597300
822 0.01848174 -0.00433500 0.21597300
823 0.01994172 -0.02033500 0.21597300
824 0.01702176 0.01166500 0.21597300
825 0.01994172 -0.01233500 0.21597300
826 0.01848174 0.00366500 0.21597300
827 0.01556178 0.01966500 0.21597300
828 0.01994172 -0.00433500 0.21597300
829 0.02140170 -0.02033500 0.21597300
830 0.01848174 0.01166500 0.21597300
831 0.02140170 -0.01233500 0.21597300
832 0.01994172 0.00366500 0.21597300
833 0.01702176 0.01966500 0.21597300
834 0.02140170 -0.00433500 0.21597300
835 0.02286168 -0.02033500 0.21597300
836 0.01994172 0.01166500 0.21597300
837 0.02286168 -0.01233500 0.21597300
838 0.02140170 0.00366500 0.21597300
839 0.01848174 0.01966500 0.21597300
840 0.02286168 -0.00433500 0.21597300
841 0.02432166 -0.02033500 0.21597300
842 0.02140170 0.01166500 0.21597300
843 0.02432166 -0.01233500 0.21597300
844 0.02286168 0.00366500 0.21597300
845 0.01994172 0.01966500 0.21597300
846 0.02432166 -0.00433500 0.21597300
847 0.02578164 -0.02033500 0.21597300
848 0.02286168 0.01166500 0.21597300
849 0.02578164 -0.01233500 0.21597300
850 0.02432166 0.00366500 0.21597300
851 0.02140170 0.01966500 0.21597300
852 0.02578164 -0.00433500 0.21597300
853 0.02724162 -0.02033500 0.21597300
854 0.02432166 0.01166500 0.21597300
855 0.02724162 -0.01233500 0.21597300
856 0.02578164 0.00366500 0.21597300
857 0.02286168 0.01966500 0.21597300
858 0.02724162 -0.00433500 0.21597300
859 0.02870160 -0.02033500 0.21597300
860 0.02578164 0.01166500 0.21597300
861 0.02870160 -0.01233500 0.21597300
862 0.02724162 0.00366500 0.21597300
863 0.02432166 0.01966500 0.21597300
864 0.02870160 -0.00433500 0.21597300
865 0.03016158 -0.02033500 0.21597300
866 0.02724162 0.01166500 0.21597300
867 0.02870160 0.00366500 0.21597300
868 0.03016158 -0.01233500 0.21597300
869 0.02578164 0.01966500 0.21597300
870 0.03016158 -0.00433500 0.21597300
871 0.02870160 0.01166500 0.21597300
872 0.03162156 -0.02033500 0.21597300
873 0.03016158 0.00366500 0.21597300
874 0.02724162 0.01966500 0.21597300
875 0.03162156 -0.01233500 0.21597300
876 0.03162156 -0.00433500 0.21597300
877 0.03016158 0.01166500 0.21597300
878 0.03308154 -0.02033500 0.21597300
879 0.02870160 0.01966500 0.21597300
880 0.03162156 0.00366500 0.21597300
881 0.03308154 -0.01233500 0.21597300
882 0.03308154 -0.00433500 0.21597300
883 0.03162156 0.01166500 0.21597300
884 0.03454152 -0.02033500 0.21597300
885 0.03016158 0.01966500 0.21597300
886 0.03308154 0.00366500 0.21597300
887 0.03454152 -0.01233500 0.21597300
888 0.03454152 -0.00433500 0.21597300
889 0.03308154 0.01166500 0.21597300
890 0.03600150 -0.02033500 0.21597300
891 0.03162156 0.01966500 0.21597300
892 0.03454152 0.00366500 0.21597300
893 0.03600150 -0.01233500 0.21597300
894 0.03600150 -0.00433500 0.21597300
895 0.03454152 0.01166500 0.21597300
896 0.03746148 -0.02033500 0.21597300
897 0.03308154 0.01966500 0.21597300
898 0.03600150 0.00366500 0.21597300
899 0.03746148 -0.01233500 0.21597300
900 0.03746148 -0.00433500 0.21597300
901 0.03600150 0.01166500 0.21597300
902 0.03454152 0.01966500 0.21597300
903 0.03892146 -0.02033500 0.21597300
904 0.03746148 0.00366500 0.21597300
905 0.03892146 -0.01233500 0.21597300
906 0.03892146 -0.00433500 0.21597300
907 0.03746148 0.01166500 0.21597300
908 0.03600150 0.01966500 0.21597300
909 0.04038144 -0.02033500 0.21597300
910 0.03892146 0.00366500 0.21597300
911 0.04038144 -0.01233500 0.21597300
912 0.04038144 -0.00433500 0.21597300
913 0.03892146 0.01166500 0.21597300
914 0.03746148 0.01966500 0.21597300
915 0.04184142 -0.02033500 0.21597300
916 0.04038144 0.00366500 0.21597300
917 0.04184142 -0.01233500 0.21597300
918 0.04184142 -0.00433500 0.21597300
919 0.04038144 0.01166500 0.21597300
920 0.03892146 0.01966500 0.21597300
921 0.04330140 -0.02033500 0.21597300
922 0.04184142 0.00366500 0.21597300
923 0.04330140 -0.01233500 0.21597300
924 0.04330140 -0.00433500 0.21597300
925 0.04184142 0.01166500 0.21597300
926 0.04038144 0.01966500 0.21597300
927 0.04476138 -0.02033500 0.21597300
928 0.04330140 0.00366500 0.21597300
929 0.04476138 -0.01233500 0.21597300
930 0.04476138 -0.00433500 0.21597300
931 0.04330140 0.01166500 0.21597300
932 0.04184142 0.01966500 0.21597300
933 0.04622136 -0.02033500 0.21597300
934 0.04476138 0.00366500 0.21597300
935 0.04622136 -0.01233500 0.21597300
936 0.04622136 -0.00433500 0.21597300
937 0.04476138 0.01166500 0.21597300
938 0.04330140 0.01966500 0.21597300
939 0.04768134 -0.02033500 0.21597300
940 0.04622136 0.00366500 0.21597300
941 0.04768134 -0.01233500 0.21597300
942 0.04768134 -0.00433500 0.21597300
943 0.04622136 0.01166500 0.21597300
944 0.04476138 0.01966500 0.21597300
945 0.04914132 -0.02033500 0.21597300
946 0.04768134 0.00366500 0.21597300
947 0.04914132 -0.01233500 0.21597300
948 0.04914132 -0.00433500 0.21597300
949 0.04768134 0.01166500 0.21597300
950 0.04622136 0.01966500 0.21597300
951 0.05060130 -0.02033500 0.21597300
952 0.04914132 0.00366500 0.21597300
953 0.05060130 -0.01233500 0.21597300
954 0.05060130 -0.00433500 0.21597300
955 0.04914132 0.01166500 0.21597300
956 0.04768134 0.01966500 0.21597300
957 0.05060130 0.00366500 0.21597300
958 0.05206128 -0.02033500 0.21597300
959 0.05206128 -0.01233500 0.21597300
960 0.05206128 -0.00433500 0.21597300
961 0.05060130 0.01166500 0.21597300
962 0.04914132 0.01966500 0.21597300
963 0.05206128 0.00366500 0.21597300
964 0.05352126 -0.02033500 0.21597300
965 0.05352126 -0.01233500 0.21597300
966 0.05352126 -0.00433500 0.21597300
967 0.05060130 0.01966500 0.21597300
968 0.05206128 0.01166500 0.21597300
969 0.05352126 0.00366500 0.21597300
970 0.05498124 -0.02033500 0.21597300
971 0.05498124 -0.01233500 0.21597300
972 0.05498124 -0.00433500 0.21597300
973 0.05206128 0.01966500 0.21597300
974 0.05352126 0.01166500 0.21597300
975 0.05498124 0.00366500 0.21597300
976 0.05644122 -0.02033500 0.21597300
977 0.05644122 -0.01233500 0.21597300
978 0.05644122 -0.00433500 0.21597300
979 0.05352126 0.01966500 0.21597300
980 0.05498124 0.01166500 0.21597300
981 0.05644122 0.00366500 0.21597300
982 0.05790120 -0.02033500 0.21597300
983 0.05790120 -0.01233500 0.21597300
984 0.05790120 -0.00433500 0.21597300
985 0.05498124 0.01966500 0.21597300
986 0.05644122 0.01166500 0.21597300
987 0.05790120 0.00366500 0.21597300
988 0.05936118 -0.02033500 0.21597300
989 0.05936118 -0.01233500 0.21597300
990 0.05936118 -0.00433500 0.21597300
991 0.05644122 0.01966500 0.21597300
992 0.05790120 0.01166500 0.21597300
993 0.05936118 0.00366500 0.21597300
994 0.06082116 -0.02033500 0.21597300
995 0.06082116 -0.01233500 0.21597300
996 0.06082116 -0.00433500 0.21597300
997 0.05790120 0.01966500 0.21597300
998 0.05936118 0.01166500 0.21597300
999 0.06082116 0.00366500 0.21597300
1000 0.06228114 -0.02033500 0.21597300
1001 0.06228114 -0.01233500 0.21597300
1002 0.06228114 -0.00433500 0.21597300
1003 0.05936118 0.01966500 0.21597300
1004 0.06082116 0.01166500 0.21597300
1005 0.06228114 0.00366500 0.21597300
1006 0.06374112 -0.02033500 0.21597300
1007 0.06374112 -0.01233500 0.21597300
1008 0.06374112 -0.00433500 0.21597300
1009 0.06082116 0.01966500 0.21597300
1010 0.06228114 0.01166500 0.21597300
1011 0.06374112 0.00366500 0.21597300
1012 0.06520110 -0.02033500 0.21597300
1013 0.06520110 -0.01233500 0.21597300
1014 0.06520110 -0.00433500 0.21597300
1015 0.06228114 0.01966500 0.21597300
1016 0.06374112 0.01166500 0.21597300
1017 0.06520110 0.00366500 0.21597300
1018 0.06666108 -0.02033500 0.21597300
1019 0.06666108 -0.01233500 0.21597300
1020 0.06666108 -0.00433500 0.21597300
1021 0.06374112 0.01966500 0.21597300
1022 0.06520110 0.01166500 0.21597300
1023 0.06666108 0.00366500 0.21597300
1024 0.06812106 -0.02033500 0.21597300
1025 0.06812106 -0.01233500 0.21597300
1026 0.06812106 -0.00433500 0.21597300
1027 0.06520110 0.01966500 0.21597300
1028 0.06666108 0.01166500 0.21597300
1029 0.06812106 0.00366500 0.21597300
1030 0.06958104 -0.02033500 0.21597300
1031 0.06958104 -0.01233500 0.21597300
1032 0.14550000 -0.02033500 0.01997600
1033 0.14550000 -0.01233500 0.01997600
1034 0.14550000 -0.02033500 0.02814254
1035 0.06958104 -0.00433500 0.21597300
1036 0.14550000 -0.01233500 0.02814254
1037 0.06666108 0.01966500 0.21597300
1038 0.06812106 0.01166500 0.21597300
1039 0.14550000 -0.00433500 0.01997600
1040 0.14550000 -0.02033500 0.03630908
1041 0.14550000 -0.00433500 0.02814254
1042 0.14550000 -0.01233500 0.03630908
1043 0.06958104 0.00366500 0.21597300
1044 0.07104102 -0.02033500 0.21597300
1045 0.14550000 -0.00433500 0.03630908
1046 0.07104102 -0.01233500 0.21597300
1047 0.14550000 0.00366500 0.01997600
1048 0.14550000 -0.02033500 0.04447563
1049 0.14550000 0.00366500 0.02814254
1050 0.14550000 -0.01233500 0.04447563
1051 0.07104102 -0.00433500 0.21597300
1052 0.06812106 0.01966500 0.21597300
1053 0.14550000 0.00366500 0.03630908
1054 0.14550000 -0.00433500 0.04447562
1055 0.06958104 0.01166500 0.21597300
1056 0.14550000 0.01166500 0.01997600
1057 0.07104102 0.00366500 0.21597300
1058 0.14550000 -0.02033500 0.05264217
1059 0.14550000 0.01166500 0.02814254
1060 0.07250100 -0.02033500 0.21597300
1061 0.14550000 -0.01233500 0.05264217
1062 0.14550000 0.00366500 0.04447562
1063 0.07250100 -0.01233500 0.21597300
1064 0.14550000 0.01166500 0.03630908
1065 0.14550000 -0.00433500 0.05264217
1066 0.07250100 -0.00433500 0.21597300
1067 0.06958104 0.01966500 0.21597300
1068 0.07104102 0.01166500 0.21597300
1069 0.14550000 0.01966500 0.01997600
1070 0.14550000 0.01166500 0.04447562
1071 0.14550000 0.00366500 0.05264217
1072 0.14550000 0.01966500 0.02814254
1073 0.14550000 -0.02033500 0.06080871
1074 0.07250100 0.00366500 0.21597300
1075 0.14550000 -0.01233500 0.06080871
1076 0.07396098 -0.02033500 0.21597300
1077 0.07396098 -0.01233500 0.21597300
1078 0.14550000 0.01966500 0.03630908
1079 0.14550000 -0.00433500 0.06080871
1080 0.07396098 -0.00433500 0.21597300
1081 0.07104102 0.01966500 0.21597300
1082 0.14550000 0.01166500 0.05264217
1083 0.07250100 0.01166500 0.21597300
1084 0.14550000 0.01966500 0.04447563
1085 0.14550000 0.00366500 0.06080871
1086 0.07396098 0.00366500 0.21597300
1087 0.07542096 -0.02033500 0.21597300
1088 0.14550000 -0.02033500 0.06897525
1089 0.07542096 -0.01233500 0.21597300
1090 0.14550000 -0.01233500 0.06897525
1091 0.07542096 -0.00433500 0.21597300
1092 0.14550000 -0.00433500 0.06897525
1093 0.14550000 0.01966500 0.05264217
1094 0.14550000 0.01166500 0.06080871
1095 0.07250100 0.01966500 0.21597300
1096 0.07396098 0.01166500 0.21597300
1097 0.07542096 0.00366500 0.21597300
1098 0.14550000 0.00366500 0.06897525
1099 0.07688094 -0.02033500 0.21597300
1100 0.07688094 -0.01233500 0.21597300
1101 0.14550000 0.01966500 0.06080871
1102 0.14550000 -0.02033500 0.07714179
1103 0.07688094 -0.00433500 0.21597300
1104 0.14550000 -0.01233500 0.07714179
1105 0.07396098 0.01966500 0.21597300
1106 0.07542096 0.01166500 0.21597300
1107 0.14550000 0.01166500 0.06897525
1108 0.14550000 -0.00433500 0.07714179
1109 0.07688094 0.00366500 0.21597300
1110 0.07834092 -0.02033500 0.21597300
1111 0.07834092 -0.01233500 0.21597300
1112 0.14550000 0.00366500 0.07714179
1113 0.07834092 -0.00433500 0.21597300
1114 0.07542096 0.01966500 0.21597300
1115 0.14550000 0.01966500 0.06897525
1116 0.07688094 0.01166500 0.21597300
1117 0.14550000 -0.02033500 0.08530833
1118 0.07834092 0.00366500 0.21597300
1119 0.14550000 0.01166500 0.07714179
1120 0.14550000 -0.01233500 0.08530833
1121 0.07980090 -0.02033500 0.21597300
1122 0.07980090 -0.01233500 0.21597300
1123 0.14550000 -0.00433500 0.08530833
1124 0.07980090 -0.00433500 0.21597300
1125 0.07688094 0.01966500 0.21597300
1126 0.07834092 0.01166500 0.21597300
1127 0.14550000 0.00366500 0.08530833
1128 0.14550000 0.01966500 0.07714179
1129 0.07980090 0.00366500 0.21597300
1130 0.08126088 -0.02033500 0.21597300
1131 0.08126088 -0.01233500 0.21597300
1132 0.08126088 -0.00433500 0.21597300
1133 0.14550000 0.01166500 0.08530833
1134 0.07834092 0.01966500 0.21597300
1135 0.07980090 0.01166500 0.21597300
1136 0.14550000 -0.02033500 0.09347488
1137 0.14550000 -0.01233500 0.09347488
1138 0.08126088 0.00366500 0.21597300
1139 0.14550000 -0.00433500 0.09347487
1140 0.08272086 -0.02033500 0.21597300
1141 0.08272086 -0.01233500 0.21597300
1142 0.14550000 0.01966500 0.08530833
1143 0.08272086 -0.00433500 0.21597300
1144 0.07980090 0.01966500 0.21597300
1145 0.14550000 0.00366500 0.09347487
1146 0.08126088 0.01166500 0.21597300
1147 0.08272086 0.00366500 0.21597300
1148 0.08418084 -0.02033500 0.21597300
1149 0.14550000 0.01166500 0.09347488
1150 0.08418084 -0.01233500 0.21597300
1151 0.08418084 -0.00433500 0.21597300
1152 0.08126088 0.01966500 0.21597300
1153 0.14550000 -0.02033500 0.10164142
1154 0.08272086 0.01166500 0.21597300
1155 0.14550000 -0.01233500 0.10164142
1156 0.14550000 -0.00433500 0.10164142
1157 0.08418084 0.00366500 0.21597300
1158 0.14550000 0.01966500 0.09347488
1159 0.08564082 -0.02033500 0.21597300
1160 0.08564082 -0.01233500 0.21597300
1161 0.14550000 0.00366500 0.10164142
1162 0.08272086 0.01966500 0.21597300
1163 0.08564082 -0.00433500 0.21597300
1164 0.08418084 0.01166500 0.21597300
1165 0.08564082 0.00366500 0.21597300
1166 0.14550000 0.01166500 0.10164142
1167 0.08710080 -0.02033500 0.21597300
1168 0.08710080 -0.01233500 0.21597300
1169 0.08418084 0.01966500 0.21597300
1170 0.08710080 -0.00433500 0.21597300
1171 0.08564082 0.01166500 0.21597300
1172 0.14550000 -0.02033500 0.10980796
1173 0.14550000 -0.01233500 0.10980796
1174 0.14550000 0.01966500 0.10164142
1175 0.08710080 0.00366500 0.21597300
1176 0.14550000 -0.00433500 0.10980796
1177 0.08856078 -0.02033500 0.21597300
1178 0.08856078 -0.01233500 0.21597300
1179 0.08564082 0.01966500 0.21597300
1180 0.14550000 0.00366500 0.10980796
1181 0.08856078 -0.00433500 0.21597300
1182 0.08710080 0.01166500 0.21597300
1183 0.08856078 0.00366500 0.21597300
1184 0.09002076 -0.02033500 0.21597300
1185 0.14550000 0.01166500 0.10980796
1186 0.09002076 -0.01233500 0.21597300
1187 0.08710080 0.01966500 0.21597300
1188 0.09002076 -0.00433500 0.21597300
1189 0.08856078 0.01166500 0.21597300
1190 0.14550000 -0.02033500 0.11797450
1191 0.14550000 -0.01233500 0.11797450
1192 0.09002076 0.00366500 0.21597300
1193 0.14550000 0.01966500 0.10980796
1194 0.09148074 -0.02033500 0.21597300
1195 0.09148074 -0.01233500 0.21597300
1196 0.14550000 -0.00433500 0.11797450
1197 0.08856078 0.01966500 0.21597300
1198 0.09148074 -0.00433500 0.21597300
1199 0.09002076 0.01166500 0.21597300
1200 0.14550000 0.00366500 0.11797450
1201 0.09148074 0.00366500 0.21597300
1202 0.09294072 -0.02033500 0.21597300
1203 0.09294072 -0.01233500 0.21597300
1204 0.14550000 0.01166500 0.11797450
1205 0.09002076 0.01966500 0.21597300
1206 0.09294072 -0.00433500 0.21597300
1207 0.09148074 0.01166500 0.21597300
1208 0.09294072 0.00366500 0.21597300
1209 0.09440070 -0.02033500 0.21597300
1210 0.14550000 0.01966500 0.11797450
1211 0.09440070 -0.01233500 0.21597300
1212 0.14550000 -0.02033500 0.12614104
1213 0.14550000 -0.01233500 0.12614104
1214 0.09148074 0.01966500 0.21597300
1215 0.09440070 -0.00433500 0.21597300
1216 0.09294072 0.01166500 0.21597300
1217 0.14550000 -0.00433500 0.12614104
1218 0.09440070 0.00366500 0.21597300
1219 0.14550000 0.00366500 0.12614104
1220 0.09586068 -0.02033500 0.21597300
1221 0.09586068 -0.01233500 0.21597300
1222 0.09294072 0.01966500 0.21597300
1223 0.09586068 -0.00433500 0.21597300
1224 0.09440070 0.01166500 0.21597300
1225 0.14550000 0.01166500 0.12614104
1226 0.09586068 0.00366500 0.21597300
1227 0.09732066 -0.02033500 0.21597300
1228 0.09732066 -0.01233500 0.21597300
1229 0.09440070 0.01966500 0.21597300
1230 0.09732066 -0.00433500 0.21597300
1231 0.14550000 0.01966500 0.12614104
1232 0.09586068 0.01166500 0.21597300
1233 0.14550000 -0.02033500 0.13430758
1234 0.14550000 -0.01233500 0.13430758
1235 0.09732066 0.00366500 0.21597300
1236 0.09878064 -0.02033500 0.21597300
1237 0.14550000 -0.00433500 0.13430758
1238 0.09878064 -0.01233500 0.21597300
1239 0.09586068 0.01966500 0.21597300
1240 0.09878064 -0.00433500 0.21597300
1241 0.09732066 0.01166500 0.21597300
1242 0.14550000 0.00366500 0.13430758
1243 0.09878064 0.00366500 0.21597300
1244 0.10024062 -0.02033500 0.21597300
1245 0.14550000 0.01166500 0.13430758
1246 0.10024062 -0.01233500 0.21597300
1247 0.09732066 0.01966500 0.21597300
1248 0.10024062 -0.00433500 0.21597300
1249 0.09878064 0.01166500 0.21597300
1250 0.10024062 0.00366500 0.21597300
1251 0.14550000 0.01966500 0.13430758
1252 0.10170060 -0.02033500 0.21597300
1253 0.10170060 -0.01233500 0.21597300
1254 0.09878064 0.01966500 0.21597300
1255 0.14550000 -0.02033500 0.14247413
1256 0.10170060 -0.00433500 0.21597300
1257 0.10024062 0.01166500 0.21597300
1258 0.14550000 -0.01233500 0.14247413
1259 0.14550000 -0.00433500 0.14247413
1260 0.10170060 0.00366500 0.21597300
1261 0.10316058 -0.02033500 0.21597300
1262 0.10316058 -0.01233500 0.21597300
1263 0.14550000 0.00366500 0.14247412
1264 0.10024062 0.01966500 0.21597300
1265 0.10316058 -0.00433500 0.21597300
1266 0.10170060 0.01166500 0.21597300
1267 0.14550000 0.01166500 0.14247413
1268 0.10316058 0.00366500 0.21597300
1269 0.10462056 -0.02033500 0.21597300
1270 0.10462056 -0.01233500 0.21597300
1271 0.10170060 0.01966500 0.21597300
1272 0.10462056 -0.00433500 0.21597300
1273 0.10316058 0.01166500 0.21597300
1274 0.14550000 0.01966500 0.14247413
1275 0.10462056 0.00366500 0.21597300
1276 0.10608054 -0.02033500 0.21597300
1277 0.10608054 -0.01233500 0.21597300
1278 0.14550000 -0.02033500 0.15064067
1279 0.10316058 0.01966500 0.21597300
1280 0.14550000 -0.01233500 0.15064067
1281 0.10608054 -0.00433500 0.21597300
1282 0.10462056 0.01166500 0.21597300
1283 0.14550000 -0.00433500 0.15064067
1284 0.10608054 0.00366500 0.21597300
1285 0.14550000 0.00366500 0.15064067
1286 0.10754052 -0.02033500 0.21597300
1287 0.10754052 -0.01233500 0.21597300
1288 0.10462056 0.01966500 0.21597300
1289 0.10754052 -0.00433500 0.21597300
1290 0.10608054 0.01166500 0.21597300
1291 0.14550000 0.01166500 0.15064067
1292 0.10754052 0.00366500 0.21597300
1293 0.10900050 -0.02033500 0.21597300
1294 0.10900050 -0.01233500 0.21597300
1295 0.10608054 0.01966500 0.21597300
1296 0.14550000 0.01966500 0.15064067
1297 0.10900050 -0.00433500 0.21597300
1298 0.10754052 0.01166500 0.21597300
1299 0.10900050 0.00366500 0.21597300
1300 0.11046048 -0.02033500 0.21597300
1301 0.11046048 -0.01233500 0.21597300
1302 0.14550000 -0.02033500 0.15880721
1303 0.10754052 0.01966500 0.21597300
1304 0.14550000 -0.01233500 0.15880721
1305 0.11046048 -0.00433500 0.21597300
1306 0.10900050 0.01166500 0.21597300
1307 0.14550000 -0.00433500 0.15880721
1308 0.11046048 0.00366500 0.21597300
1309 0.14550000 0.00366500 0.15880721
1310 0.11192046 -0.02033500 0.21597300
1311 0.11192046 -0.01233500 0.21597300
1312 0.10900050 0.01966500 0.21597300
1313 0.11192046 -0.00433500 0.21597300
1314 0.11046048 0.01166500 0.21597300
1315 0.14550000 0.01166500 0.15880721
1316 0.11192046 0.00366500 0.21597300
1317 0.11338044 -0.02033500 0.21597300
1318 0.11338044 -0.01233500 0.21597300
1319 0.11046048 0.01966500 0.21597300
1320 0.14550000 0.01966500 0.15880721
1321 0.11338044 -0.00433500 0.21597300
1322 0.11192046 0.01166500 0.21597300
1323 0.11338044 0.00366500 0.21597300
1324 0.11484042 -0.02033500 0.21597300
1325 0.11484042 -0.01233500 0.21597300
1326 0.11192046 0.01966500 0.21597300
1327 0.14550000 -0.02033500 0.16697375
1328 0.14550000 -0.01233500 0.16697375
1329 0.11484042 -0.00433500 0.21597300
1330 0.11338044 0.01166500 0.21597300
1331 0.14550000 -0.00433500 0.16697375
1332 0.11484042 0.00366500 0.21597300
1333 0.14550000 0.00366500 0.16697375
1334 0.11630040 -0.02033500 0.21597300
1335 0.11630040 -0.01233500 0.21597300
1336 0.11338044 0.01966500 0.21597300
1337 0.11630040 -0.00433500 0.21597300
1338 0.11484042 0.01166500 0.21597300
1339 0.14550000 0.01166500 0.16697375
1340 0.11630040 0.00366500 0.21597300
1341 0.11776038 -0.02033500 0.21597300
1342 0.11776038 -0.01233500 0.21597300
1343 0.11484042 0.01966500 0.21597300
1344 0.14550000 0.01966500 0.16697375
1345 0.11630040 0.01166500 0.21597300
1346 0.11776038 -0.00433500 0.21597300
1347 0.11776038 0.00366500 0.21597300
1348 0.11922036 -0.02033500 0.21597300
1349 0.11630040 0.01966500 0.21597300
1350 0.11922036 -0.01233500 0.21597300
1351 0.11776038 0.01166500 0.21597300
1352 0.11922036 -0.00433500 0.21597300
1353 0.14550000 -0.02033500 0.17514029
1354 0.14550000 -0.01233500 0.17514029
1355 0.14550000 -0.00433500 0.17514029
1356 0.11922036 0.00366500 0.21597300
1357 0.12068034 -0.02033500 0.21597300
1358 0.11776038 0.01966500 0.21597300
1359 0.12068034 -0.01233500 0.21597300
1360 0.14550000 0.00366500 0.17514029
1361 0.11922036 0.01166500 0.21597300
1362 0.12068034 -0.00433500 0.21597300
1363 0.14550000 0.01166500 0.17514029
1364 0.12068034 0.00366500 0.21597300
1365 0.12214032 -0.02033500 0.21597300
1366 0.11922036 0.01966500 0.21597300
1367 0.12214032 -0.01233500 0.21597300
1368 0.12068034 0.01166500 0.21597300
1369 0.12214032 -0.00433500 0.21597300
1370 0.14550000 0.01966500 0.17514029
1371 0.12214032 0.00366500 0.21597300
1372 0.12360030 -0.02033500 0.21597300
1373 0.12068034 0.01966500 0.21597300
1374 0.12360030 -0.01233500 0.21597300
1375 0.12214032 0.01166500 0.21597300
1376 0.12360030 -0.00433500 0.21597300
1377 0.14550000 -0.02033500 0.18330683
1378 0.12360030 0.00366500 0.21597300
1379 0.14550000 -0.01233500 0.18330683
1380 0.12506028 -0.02033500 0.21597300
1381 0.12214032 0.01966500 0.21597300
1382 0.14550000 -0.00433500 0.18330683
1383 0.12506028 -0.01233500 0.21597300
1384 0.12360030 0.01166500 0.21597300
1385 0.12506028 -0.00433500 0.21597300
1386 0.14550000 0.00366500 0.18330683
1387 0.12506028 0.00366500 0.21597300
1388 0.12652026 -0.02033500 0.21597300
1389 0.14550000 0.01166500 0.18330683
1390 0.12360030 0.01966500 0.21597300
1391 0.12652026 -0.01233500 0.21597300
1392 0.12506028 0.01166500 0.21597300
1393 0.12652026 -0.00433500 0.21597300
1394 0.12652026 0.00366500 0.21597300
1395 0.14550000 0.01966500 0.18330683
1396 0.12798024 -0.02033500 0.21597300
1397 0.12506028 0.01966500 0.21597300
1398 0.12798024 -0.01233500 0.21597300
1399 0.12652026 0.01166500 0.21597300
1400 0.12798024 -0.00433500 0.21597300
1401 0.12798024 0.00366500 0.21597300
1402 0.12652026 0.01966500 0.21597300
1403 0.12944022 -0.02033500 0.21597300
1404 0.12944022 -0.01233500 0.21597300
1405 0.14550000 -0.02033500 0.19147338
1406 0.14550000 -0.01233500 0.19147338
1407 0.12798024 0.01166500 0.21597300
1408 0.12944022 -0.00433500 0.21597300
1409 0.14550000 -0.00433500 0.19147338
1410 0.12944022 0.00366500 0.21597300
1411 0.14550000 0.00366500 0.19147338
1412 0.12798024 0.01966500 0.21597300
1413 0.13090020 -0.02033500 0.21597300
1414 0.13090020 -0.01233500 0.21597300
1415 0.12944022 0.01166500 0.21597300
1416 0.13090020 -0.00433500 0.21597300
1417 0.14550000 0.01166500 0.19147338
1418 0.13090020 0.00366500 0.21597300
1419 0.12944022 0.01966500 0.21597300
1420 0.13236018 -0.02033500 0.21597300
1421 0.13236018 -0.01233500 0.21597300
1422 0.14550000 0.01966500 0.19147338
1423 0.13090020 0.01166500 0.21597300
1424 0.13236018 -0.00433500 0.21597300
1425 0.13236018 0.00366500 0.21597300
1426 0.13090020 0.01966500 0.21597300
1427 0.13382016 -0.02033500 0.21597300
1428 0.13382016 -0.01233500 0.21597300
1429 0.13236018 0.01166500 0.21597300
1430 0.13382016 -0.00433500 0.21597300
1431 0.14550000 -0.02033500 0.19963992
1432 0.13382016 0.00366500 0.21597300
1433 0.14550000 -0.01233500 0.19963992
1434 0.13236018 0.01966500 0.21597300
1435 0.14550000 -0.00433500 0.19963992
1436 0.13528014 -0.02033500 0.21597300
1437 0.13528014 -0.01233500 0.21597300
1438 0.13382016 0.01166500 0.21597300
1439 0.13528014 -0.00433500 0.21597300
1440 0.14550000 0.00366500 0.19963992
1441 0.13528014 0.00366500 0.21597300
1442 0.14550000 0.01166500 0.19963992
1443 0.13382016 0.01966500 0.21597300
1444 0.13674012 -0.02033500 0.21597300
1445 0.13674012 -0.01233500 0.21597300
1446 0.13528014 0.01166500 0.21597300
1447 0.13674012 -0.00433500 0.21597300
1448 0.14550000 0.01966500 0.19963992
1449 0.13674012 0.00366500 0.21597300
1450 0.13528014 0.01966500 0.21597300
1451 0.13820010 -0.02033500 0.21597300
1452 0.13820010 -0.01233500 0.21597300
1453 0.13674012 0.01166500 0.21597300
1454 0.13820010 -0.00433500 0.21597300
1455 0.13820010 0.00366500 0.21597300
1456 0.13674012 0.01966500 0.21597300
1457 0.13966008 -0.02033500 0.21597300
1458 0.13966008 -0.01233500 0.21597300
1459 0.13820010 0.01166500 0.21597300
1460 0.14550000 -0.02033500 0.20780646
1461 0.13966008 -0.00433500 0.21597300
1462 0.14550000 -0.01233500 0.20780646
1463 0.14550000 -0.00433500 0.20780646
1464 0.13966008 0.00366500 0.21597300
1465 0.13820010 0.01966500 0.21597300
1466 0.14550000 0.00366500 0.20780646
1467 0.14112006 -0.02033500 0.21597300
1468 0.14112006 -0.01233500 0.21597300
1469 0.13966008 0.01166500 0.21597300
1470 0.14112006 -0.00433500 0.21597300
1471 0.14550000 0.01166500 0.20780646
1472 0.14112006 0.00366500 0.21597300
1473 0.13966008 0.01966500 0.21597300
1474 0.14258004 -0.02033500 0.21597300
1475 0.14258004 -0.01233500 0.21597300
1476 0.14550000 0.01966500 0.20780646
1477 0.14112006 0.01166500 0.21597300
1478 0.14258004 -0.00433500 0.21597300
1479 0.14258004 0.00366500 0.21597300
1480 0.14112006 0.01966500 0.21597300
1481 0.14404002 -0.02033500 0.21597300
1482 0.14404002 -0.01233500 0.21597300
1483 0.14258004 0.01166500 0.21597300
1484 0.14404002 -0.00433500 0.21597300
1485 0.14404002 0.00366500 0.21597300
1486 0.14258004 0.01966500 0.21597300
1487 0.14550000 -0.02033500 0.21597300
1488 0.14550000 -0.01233500 0.21597300
1489 0.14404002 0.01166500 0.21597300
1490 0.14550000 -0.00433500 0.21597300
1491 0.14550000 0.00366500 0.21597300
1492 0.14404002 0.01966500 0.21597300
1493 0.14550000 0.01166500 0.21597300
1494 0.14550000 0.01966500 0.21597300
end coordinates
elements
1 16 18 23 1
2 18 26 23 1
3 10 12 16 1
4 12 18 16 1
5 5 7 10 1
6 7 12 10 1
7 2 4 5 1
8 4 7 5 1
9 1 3 2 1
10 3 4 2 1
11 18 21 26 1
12 21 29 26 1
13 12 14 18 1
14 14 21 18 1
15 7 9 12 1
16 9 14 12 1
17 4 8 7 1
18 8 9 7 1
19 3 6 4 1
20 6 8 4 1
21 21 24 29 1
22 24 32 29 1
23 14 20 21 1
24 20 24 21 1
25 9 15 14 1
26 15 20 14 1
27 8 13 9 1
28 13 15 9 1
29 6 11 8 1
30 11 13 8 1
31 24 31 32 1
32 31 37 32 1
33 20 25 24 1
34 25 31 24 1
35 15 22 20 1
36 22 25 20 1
37 13 19 15 1
38 19 22 15 1
39 11 17 13 1
40 17 19 13 1
41 31 38 37 1
42 38 40 37 1
43 25 33 31 1
44 33 38 31 1
45 22 30 25 1
46 30 33 25 1
47 19 28 22 1
48 28 30 22 1
49 17 27 19 1
50 27 28 19 1
51 38 43 40 1
52 43 46 40 1
53 33 39 38 1
54 39 43 38 1
55 30 36 33 1
56 36 39 33 1
57 28 35 30 1
58 35 36 30 1
59 27 34 28 1
60 34 35 28 1
61 43 48 46 1
62 48 52 46 1
63 39 45 43 1
64 45 48 43 1
65 36 44 39 1
66 44 45 39 1
67 35 42 36 1
68 42 44 36 1
69 34 41 35 1
70 41 42 35 1
71 48 53 52 1
72 53 57 52 1
73 45 51 48 1
74 51 53 48 1
75 44 50 45 1
76 50 51 45 1
77 42 49 44 1
78 49 50 44 1
79 41 47 42 1
80 47 49 42 1
81 53 59 57 1
82 59 63 57 1
83 51 58 53 1
84 58 59 53 1
85 50 56 51 1
86 56 58 51 1
87 49 55 50 1
88 55 56 50 1
89 47 54 49 1
90 54 55 49 1
91 59 65 63 1
92 65 68 63 1
93 58 64 59 1
94 64 65 59 1
95 56 62 58 1
96 62 64 58 1
97 55 61 56 1
98 61 62 56 1
99 54 60 55 1
100 60 61 55 1
101 65 71 68 1
102 71 74 68 1
103 64 70 65 1
104 70 71 65 1
105 62 69 64 1
106 69 70 64 1
107 61 67 62 1
108 67 69 62 1
109 60 66 61 1
110 66 67 61 1
111 71 77 74 1
112 77 78 74 1
113 70 76 71 1
114 76 77 71 1
115 69 75 70 1
116 75 76 70 1
117 67 73 69 1
118 73 75 69 1
119 66 72 67 1
120 72 73 67 1
121 77 83 78 1
122 83 84 78 1
123 76 82 77 1
124 82 83 77 1
125 75 81 76 1
126 81 82 76 1
127 73 80 75 1
128 80 81 75 1
129 72 79 73 1
130 79 80 73 1
131 83 89 84 1
132 89 90 84 1
133 82 88 83 1
134 88 89 83 1
135 81 87 82 1
136 87 88 82 1
137 80 86 81 1
138 86 87 81 1
139 79 85 80 1
140 85 86 80 1
141 89 95 90 1
142 95 96 90 1
143 88 94 89 1
144 94 95 89 1
145 87 93 88 1
146 93 94 88 1
147 86 92 87 1
148 92 93 87 1
149 85 91 86 1
150 91 92 86 1
151 95 101 96 1
152 101 102 96 1
153 94 100 95 1
154 100 101 95 1
155 93 99 94 1
156 99 100 94 1
157 92 98 93 1
158 98 99 93 1
159 91 97 92 1
160 97 98 92 1
161 101 107 102 1
162 107 108 102 1
163 100 106 101 1
164 106 107 101 1
165 99 105 100 1
166 105 106 100 1
167 98 104 99 1
168 104 105 99 1
169 97 103 98 1
170 103 104 98 1
171 107 113 108 1
172 113 114 108 1
173 106 112 107 1
174 112 113 107 1
175 105 111 106 1
176 111 112 106 1
177 104 110 105 1
178 110 111 105 1
179 103 109 104 1
180 109 110 104 1
181 113 119 114 1
182 119 120 114 1
183 112 118 113 1
184 118 119 113 1
185 111 117 112 1
186 117 118 112 1
187 110 116 111 1
188 116 117 111 1
189 109 115 110 1
190 115 116 110 1
191 119 125 120 1
192 125 126 120 1
193 118 124 119 1
194 124 125 119 1
195 117 123 118 1
196 123 124 118 1
197 116 122 117 1
198 122 123 117 1
199 115 121 116 1
200 121 122 116 1
201 125 131 126 1
202 131 132 126 1
203 124 130 125 1
204 130 131 125 1
205 123 129 124 1
206 129 130 124 1
207 122 128 123 1
208 128 129 123 1
209 121 127 122 1
210 127 128 122 1
211 131 137 132 1
212 137 138 132 1
213 130 136 131 1
214 136 137 131 1
215 129 135 130 1
216 135 136 130 1
217 128 134 129 1
218 134 135 129 1
219 127 133 128 1
220 133 134 128 1
221 137 143 138 1
222 143 144 138 1
223 136 142 137 1
224 142 143 137 1
225 135 141 136 1
226 141 142 136 1
227 134 140 135 1
228 140 141 135 1
229 133 139 134 1
230 139 140 134 1
231 143 223 144 1
232 223 265 144 1
233 142 191 143 1
234 191 223 143 1
235 141 166 142 1
236 166 191 142 1
237 140 151 141 1
238 151 166 141 1
239 139 145 140 1
240 145 151 140 1
241 1033 1036 1032 1
242 1036 1034 1032 1
243 1039 1041 1033 1
244 1041 1036 1033 1
245 1047 1049 1039 1
246 1049 1041 1039 1
247 1056 1059 1047 1
248 1059 1049 1047 1
249 1069 1072 1056 1
250 1072 1059 1056 1
251 1036 1042 1034 1
252 1042 1040 1034 1
253 1041 1045 1036 1
254 1045 1042 1036 1
255 1049 1053 1041 1
256 1053 1045 1041 1
257 1059 1064 1049 1
258 1064 1053 1049 1
259 1072 1078 1059 1
260 1078 1064 1059 1
261 1042 1050 1040 1
262 1050 1048 1040 1
263 1045 1054 1042 1
264 1054 1050 1042 1
265 1053 1062 1045 1
266 1062 1054 1045 1
267 1064 1070 1053 1
268 1070 1062 1053 1
269 1078 1084 1064 1
270 1084 1070 1064 1
271 1050 1061 1048 1
272 1061 1058 1048 1
273 1054 1065 1050 1
274 1065 1061 1050 1
275 1062 1071 1054 1
276 1071 1065 1054 1
277 1070 1082 1062 1
278 1082 1071 1062 1
279 1084 1093 1070 1
280 1093 1082 1070 1
281 1061 1075 1058 1
282 1075 1073 1058 1
283 1065 1079 1061 1
284 1079 1075 1061 1
285 1071 1085 1065 1
286 1085 1079 1065 1
287 1082 1094 1071 1
288 1094 1085 1071 1
289 1093 1101 1082 1
290 1101 1094 1082 1
291 1075 1090 1073 1
292 1090 1088 1073 1
293 1079 1092 1075 1
294 1092 1090 1075 1
295 1085 1098 1079 1
296 1098 1092 1079 1
297 1094 1107 1085 1
298 1107 1098 1085 1
299 1101 1115 1094 1
300 1115 1107 1094 1
301 1090 1104 1088 1
302 1104 1102 1088 1
303 1092 1108 1090 1
304 1108 1104 1090 1
305 1098 1112 1092 1
306 1112 1108 1092 1
307 1107 1119 1098 1
308 1119 1112 1098 1
309 1115 1128 1107 1
310 1128 1119 1107 1
311 1104 1120 1102 1
312 1120 1117 1102 1
313 1108 1123 1104 1
314 1123 1120 1104 1
315 1112 1127 1108 1
316 1127 1123 1108 1
317 1119 1133 1112 1
318 1133 1127 1112 1
319 1128 1142 1119 1
320 1142 1133 1119 1
321 1120 1137 1117 1
322 1137 1136 1117 1
323 1123 1139 1120 1
324 1139 1137 1120 1
325 1127 1145 1123 1
326 1145 1139 1123 1
327 1133 1149 1127 1
328 1149 1145 1127 1
329 1142 1158 1133 1
330 1158 1149 1133 1
331 1137 1155 1136 1
332 1155 1153 1136 1
333 1139 1156 1137 1
334 1156 1155 1137 1
335 1145 1161 1139 1
336 1161 1156 1139 1
337 1149 1166 1145 1
338 1166 1161 1145 1
339 1158 1174 1149 1
340 1174 1166 1149 1
341 1155 1173 1153 1
342 1173 1172 1153 1
343 1156 1176 1155 1
344 1176 1173 1155 1
345 1161 1180 1156 1
346 1180 1176 1156 1
347 1166 1185 1161 1
348 1185 1180 1161 1
349 1174 1193 1166 1
350 1193 1185 1166 1
351 1173 1191 1172 1
352 1191 1190 1172 1
353 1176 1196 1173 1
354 1196 1191 1173 1
355 1180 1200 1176 1
356 1200 1196 1176 1
357 1185 1204 1180 1
358 1204 1200 1180 1
359 1193 1210 1185 1
360 1210 1204 1185 1
361 1191 1213 1190 1
362 1213 1212 1190 1
363 1196 1217 1191 1
364 1217 1213 1191 1
365 1200 1219 1196 1
366 1219 1217 1196 1
367 1204 1225 1200 1
368 1225 1219 1200 1
369 1210 1231 1204 1
370 1231 1225 1204 1
371 1213 1234 1212 1
372 1234 1233 1212 1
373 1217 1237 1213 1
374 1237 1234 1213 1
375 1219 1242 1217 1
376 1242 1237 1217 1
377 1225 1245 1219 1
378 1245 1242 1219 1
379 1231 1251 1225 1
380 1251 1245 1225 1
381 1234 1258 1233 1
382 1258 1255 1233 1
383 1237 1259 1234 1
384 1259 1258 1234 1
385 1242 1263 1237 1
386 1263 1259 1237 1
387 1245 1267 1242 1
388 1267 1263 1242 1
389 1251 1274 1245 1
390 1274 1267 1245 1
391 1258 1280 1255 1
392 1280 1278 1255 1
393 1259 1283 1258 1
394 1283 1280 1258 1
395 1263 1285 1259 1
396 1285 1283 1259 1
397 1267 1291 1263 1
398 1291 1285 1263 1
399 1274 1296 1267 1
400 1296 1291 1267 1
401 1280 1304 1278 1
402 1304 1302 1278 1
403 1283 1307 1280 1
404 1307 1304 1280 1
405 1285 1309 1283 1
406 1309 1307 1283 1
407 1291 1315 1285 1
408 1315 1309 1285 1
409 1296 1320 1291 1
410 1320 1315 1291 1
411 1304 1328 1302 1
412 1328 1327 1302 1
413 1307 1331 1304 1
414 1331 1328 1304 1
415 1309 1333 1307 1
416 1333 1331 1307 1
417 1315 1339 1309 1
418 1339 1333 1309 1
419 1320 1344 1315 1
420 1344 1339 1315 1
421 1328 1354 1327 1
422 1354 1353 1327 1
423 1331 1355 1328 1
424 1355 1354 1328 1
425 1333 1360 1331 1
426 1360 1355 1331 1
427 1339 1363 1333 1
428 1363 1360 1333 1
429 1344 1370 1339 1
430 1370 1363 1339 1
431 1354 1379 1353 1
432 1379 1377 1353 1
433 1355 1382 1354 1
434 1382 1379 1354 1
435 1360 1386 1355 1
436 1386 1382 1355 1
437 1363 1389 1360 1
438 1389 1386 1360 1
439 1370 1395 1363 1
440 1395 1389 1363 1
441 1379 1406 1377 1
442 1406 1405 1377 1
443 1382 1409 1379 1
444 1409 1406 1379 1
445 1386 1411 1382 1
446 1411 1409 1382 1
447 1389 1417 1386 1
448 1417 1411 1386 1
449 1395 1422 1389 1
450 1422 1417 1389 1
451 1406 1433 1405 1
452 1433 1431 1405 1
453 1409 1435 1406 1
454 1435 1433 1406 1
455 1411 1440 1409 1
456 1440 1435 1409 1
457 1417 1442 1411 1
458 1442 1440 1411 1
459 1422 1448 1417 1
460 1448 1442 1417 1
461 1433 1462 1431 1
462 1462 1460 1431 1
463 1435 1463 1433 1
464 1463 1462 1433 1
465 1440 1466 1435 1
466 1466 1463 1435 1
467 1442 1471 1440 1
468 1471 1466 1440 1
469 1448 1476 1442 1
470 1476 1471 1442 1
471 1462 1488 1460 1
472 1488 1487 1460 1
473 1463 1490 1462 1
474 1490 1488 1462 1
475 1466 1491 1463 1
476 1491 1490 1463 1
477 1471 1493 1466 1
478 1493 1491 1466 1
479 1476 1494 1471 1
480 1494 1493 1471 1
481 223 225 265 1
482 225 266 265 1
483 191 192 223 1
484 192 225 223 1
485 166 168 191 1
486 168 192 191 1
487 151 152 166 1
488 152 168 166 1
489 145 146 151 1
490 146 152 151 1
491 225 227 266 1
492 227 268 266 1
493 192 193 225 1
494 193 227 225 1
495 168 169 192 1
496 169 193 192 1
497 152 153 168 1
498 153 169 168 1
499 146 147 152 1
500 147 153 152 1
501 227 228 268 1
502 228 270 268 1
503 193 194 227 1
504 194 228 227 1
505 169 170 193 1
506 170 194 193 1
507 153 155 169 1
508 155 170 169 1
509 147 148 153 1
510 148 155 153 1
511 228 230 270 1
512 230 271 270 1
513 194 196 228 1
514 196 230 228 1
515 170 172 194 1
516 172 196 194 1
517 155 156 170 1
518 156 172 170 1
519 148 149 155 1
520 149 156 155 1
521 230 231 271 1
522 231 273 271 1
523 196 199 230 1
524 199 231 230 1
525 172 174 196 1
526 174 199 196 1
527 156 158 172 1
528 158 174 172 1
529 149 150 156 1
530 150 158 156 1
531 231 233 273 1
532 233 275 273 1
533 199 200 231 1
534 200 233 231 1
535 174 176 199 1
536 176 200 199 1
537 158 160 174 1
538 160 176 174 1
539 150 154 158 1
540 154 160 158 1
541 233 237 275 1
542 237 278 275 1
543 200 203 233 1
544 203 237 233 1
545 176 178 200 1
546 178 203 200 1
547 160 161 176 1
548 161 178 176 1
549 154 157 160 1
550 157 161 160 1
551 237 238 278 1
552 238 281 278 1
553 203 205 237 1
554 205 238 237 1
555 178 180 203 1
556 180 205 203 1
557 161 163 178 1
558 163 180 178 1
559 157 159 161 1
560 159 163 161 1
561 238 242 281 1
562 242 282 281 1
563 205 207 238 1
564 207 242 238 1
565 180 183 205 1
566 183 207 205 1
567 163 165 180 1
568 165 183 180 1
569 159 162 163 1
570 162 165 163 1
571 242 244 282 1
572 244 287 282 1
573 207 210 242 1
574 210 244 242 1
575 183 184 207 1
576 184 210 207 1
577 165 171 183 1
578 171 184 183 1
579 162 164 165 1
580 164 171 165 1
581 244 246 287 1
582 246 289 287 1
583 210 213 244 1
584 213 246 244 1
585 184 187 210 1
586 187 213 210 1
587 171 175 184 1
588 175 187 184 1
589 164 167 171 1
590 167 175 171 1
591 246 249 289 1
592 249 291 289 1
593 213 216 246 1
594 216 249 246 1
595 187 190 213 1
596 190 216 213 1
597 175 179 187 1
598 179 190 187 1
599 167 173 175 1
600 173 179 175 1
601 249 253 291 1
602 253 295 291 1
603 216 218 249 1
604 218 253 249 1
605 190 198 216 1
606 198 218 216 1
607 179 182 190 1
608 182 198 190 1
609 173 177 179 1
610 177 182 179 1
611 253 257 295 1
612 257 299 295 1
613 218 221 253 1
614 221 257 253 1
615 198 201 218 1
616 201 221 218 1
617 182 186 198 1
618 186 201 198 1
619 177 181 182 1
620 181 186 182 1
621 257 259 299 1
622 259 303 299 1
623 221 229 257 1
624 229 259 257 1
625 201 206 221 1
626 206 229 221 1
627 186 188 201 1
628 188 206 201 1
629 181 185 186 1
630 185 188 186 1
631 259 263 303 1
632 263 306 303 1
633 229 235 259 1
634 235 263 259 1
635 206 211 229 1
636 211 235 229 1
637 188 195 206 1
638 195 211 206 1
639 185 189 188 1
640 189 195 188 1
641 263 272 306 1
642 272 310 306 1
643 235 240 263 1
644 240 272 263 1
645 211 215 235 1
646 215 240 235 1
647 195 202 211 1
648 202 215 211 1
649 189 197 195 1
650 197 202 195 1
651 272 279 310 1
652 279 314 310 1
653 240 245 272 1
654 245 279 272 1
655 215 220 240 1
656 220 245 240 1
657 202 208 215 1
658 208 220 215 1
659 197 204 202 1
660 204 208 202 1
661 279 284 314 1
662 284 319 314 1
663 245 251 279 1
664 251 284 279 1
665 220 224 245 1
666 224 251 245 1
667 208 212 220 1
668 212 224 220 1
669 204 209 208 1
670 209 212 208 1
671 284 290 319 1
672 290 322 319 1
673 251 255 284 1
674 255 290 284 1
675 224 234 251 1
676 234 255 251 1
677 212 217 224 1
678 217 234 224 1
679 209 214 212 1
680 214 217 212 1
681 290 296 322 1
682 296 327 322 1
683 255 261 290 1
684 261 296 290 1
685 234 241 255 1
686 241 261 255 1
687 217 222 234 1
688 222 241 234 1
689 214 219 217 1
690 219 222 217 1
691 296 302 327 1
692 302 332 327 1
693 261 267 296 1
694 267 302 296 1
695 241 247 261 1
696 247 267 261 1
697 222 232 241 1
698 232 247 241 1
699 219 226 222 1
700 226 232 222 1
701 302 307 332 1
702 307 336 332 1
703 267 277 302 1
704 277 307 302 1
705 247 252 267 1
706 252 277 267 1
707 232 239 247 1
708 239 252 247 1
709 226 236 232 1
710 236 239 232 1
711 307 313 336 1
712 313 341 336 1
713 277 285 307 1
714 285 313 307 1
715 252 258 277 1
716 258 285 277 1
717 239 248 252 1
718 248 258 252 1
719 236 243 239 1
720 243 248 239 1
721 313 317 341 1
722 317 345 341 1
723 285 292 313 1
724 292 317 313 1
725 258 264 285 1
726 264 292 285 1
727 248 254 258 1
728 254 264 258 1
729 243 250 248 1
730 250 254 248 1
731 317 324 345 1
732 324 350 345 1
733 292 298 317 1
734 298 324 317 1
735 264 276 292 1
736 276 298 292 1
737 254 260 264 1
738 260 276 264 1
739 250 256 254 1
740 256 260 254 1
741 324 329 350 1
742 329 354 350 1
743 298 305 324 1
744 305 329 324 1
745 276 286 298 1
746 286 305 298 1
747 260 269 276 1
748 269 286 276 1
749 256 262 260 1
750 262 269 260 1
751 329 334 354 1
752 334 359 354 1
753 305 312 329 1
754 312 334 329 1
755 286 294 305 1
756 294 312 305 1
757 269 280 286 1
758 280 294 286 1
759 262 274 269 1
760 274 280 269 1
761 334 339 359 1
762 339 364 359 1
763 312 318 334 1
764 318 339 334 1
765 294 301 312 1
766 301 318 312 1
767 280 288 294 1
768 288 301 294 1
769 274 283 280 1
770 283 288 280 1
771 339 346 364 1
772 346 370 364 1
773 318 325 339 1
774 325 346 339 1
775 301 308 318 1
776 308 325 318 1
777 288 297 301 1
778 297 308 301 1
779 283 293 288 1
780 293 297 288 1
781 346 351 370 1
782 351 374 370 1
783 325 331 346 1
784 331 351 346 1
785 308 315 325 1
786 315 331 325 1
787 297 304 308 1
788 304 315 308 1
789 293 300 297 1
790 300 304 297 1
791 351 357 374 1
792 357 378 374 1
793 331 337 351 1
794 337 357 351 1
795 315 321 331 1
796 321 337 331 1
797 304 311 315 1
798 311 321 315 1
799 300 309 304 1
800 309 311 304 1
801 357 363 378 1
802 363 383 378 1
803 337 343 357 1
804 343 363 357 1
805 321 328 337 1
806 328 343 337 1
807 311 320 321 1
808 320 328 321 1
809 309 316 311 1
810 316 320 311 1
811 363 367 383 1
812 367 389 383 1
813 343 349 363 1
814 349 367 363 1
815 328 335 343 1
816 335 349 343 1
817 320 326 328 1
818 326 335 328 1
819 316 323 320 1
820 323 326 320 1
821 367 372 389 1
822 372 395 389 1
823 349 356 367 1
824 356 372 367 1
825 335 342 349 1
826 342 356 349 1
827 326 333 335 1
828 333 342 335 1
829 323 330 326 1
830 330 333 326 1
831 372 379 395 1
832 379 399 395 1
833 356 362 372 1
834 362 379 372 1
835 342 348 356 1
836 348 362 356 1
837 333 340 342 1
838 340 348 342 1
839 330 338 333 1
840 338 340 333 1
841 379 385 399 1
842 385 405 399 1
843 362 368 379 1
844 368 385 379 1
845 348 355 362 1
846 355 368 362 1
847 340 347 348 1
848 347 355 348 1
849 338 344 340 1
850 344 347 340 1
851 385 390 405 1
852 390 409 405 1
853 368 375 385 1
854 375 390 385 1
855 355 361 368 1
856 361 375 368 1
857 347 353 355 1
858 353 361 355 1
859 344 352 347 1
860 352 353 347 1
861 390 396 409 1
862 396 415 409 1
863 375 380 390 1
864 380 396 390 1
865 361 369 375 1
866 369 380 375 1
867 353 360 361 1
868 360 369 361 1
869 352 358 353 1
870 358 360 353 1
871 396 402 415 1
872 402 421 415 1
873 380 386 396 1
874 386 402 396 1
875 369 376 380 1
876 376 386 380 1
877 360 366 369 1
878 366 376 369 1
879 358 365 360 1
880 365 366 360 1
881 402 408 421 1
882 408 427 421 1
883 386 392 402 1
884 392 408 402 1
885 376 382 386 1
886 382 392 386 1
887 366 373 376 1
888 373 382 376 1
889 365 371 366 1
890 371 373 366 1
891 408 414 427 1
892 414 431 427 1
893 392 398 408 1
894 398 414 408 1
895 382 388 392 1
896 388 398 392 1
897 373 381 382 1
898 381 388 382 1
899 371 377 373 1
900 377 381 373 1
901 414 419 431 1
902 419 436 431 1
903 398 404 414 1
904 404 419 414 1
905 388 394 398 1
906 394 404 398 1
907 381 387 388 1
908 387 394 388 1
909 377 384 381 1
910 384 387 381 1
911 419 424 436 1
912 424 441 436 1
913 404 410 419 1
914 410 424 419 1
915 394 401 404 1
916 401 410 404 1
917 387 393 394 1
918 393 401 394 1
919 384 391 387 1
920 391 393 387 1
921 424 430 441 1
922 430 447 441 1
923 410 416 424 1
924 416 430 424 1
925 401 406 410 1
926 406 416 410 1
927 393 400 401 1
928 400 406 401 1
929 391 397 393 1
930 397 400 393 1
931 430 435 447 1
932 435 452 447 1
933 416 422 430 1
934 422 435 430 1
935 406 412 416 1
936 412 422 416 1
937 400 407 406 1
938 407 412 406 1
939 397 403 400 1
940 403 407 400 1
941 435 442 452 1
942 442 458 452 1
943 422 428 435 1
944 428 442 435 1
945 412 418 422 1
946 418 428 422 1
947 407 413 412 1
948 413 418 412 1
949 403 411 407 1
950 411 413 407 1
951 442 448 458 1
952 448 463 458 1
953 428 434 442 1
954 434 448 442 1
955 418 425 428 1
956 425 434 428 1
957 413 420 418 1
958 420 425 418 1
959 411 417 413 1
960 417 420 413 1
961 448 454 463 1
962 454 469 463 1
963 434 440 448 1
964 440 454 448 1
965 425 432 434 1
966 432 440 434 1
967 420 426 425 1
968 426 432 425 1
969 417 423 420 1
970 423 426 420 1
971 454 460 469 1
972 460 474 469 1
973 440 446 454 1
974 446 460 454 1
975 432 438 440 1
976 438 446 440 1
977 426 433 432 1
978 433 438 432 1
979 423 429 426 1
980 429 433 426 1
981 460 466 474 1
982 466 479 474 1
983 446 453 460 1
984 453 466 460 1
985 438 444 446 1
986 444 453 446 1
987 433 439 438 1
988 439 444 438 1
989 429 437 433 1
990 437 439 433 1
991 466 471 479 1
992 471 485 479 1
993 453 459 466 1
994 459 471 466 1
995 444 450 453 1
996 450 459 453 1
997 439 445 444 1
998 445 450 444 1
999 437 443 439 1
1000 443 445 439 1
1001 471 477 485 1
1002 477 491 485 1
1003 459 465 471 1
1004 465 477 471 1
1005 450 456 459 1
1006 456 465 459 1
1007 445 451 450 1
1008 451 456 450 1
1009 443 449 445 1
1010 449 451 445 1
1011 477 483 491 1
1012 483 497 491 1
1013 465 472 477 1
1014 472 483 477 1
1015 456 462 465 1
1016 462 472 465 1
1017 451 457 456 1
1018 457 462 456 1
1019 449 455 451 1
1020 455 457 451 1
1021 483 488 497 1
1022 488 503 497 1
1023 472 478 483 1
1024 478 488 483 1
1025 462 468 472 1
1026 468 478 472 1
1027 457 464 462 1
1028 464 468 462 1
1029 455 461 457 1
1030 461 464 457 1
1031 488 494 503 1
1032 494 509 503 1
1033 478 484 488 1
1034 484 494 488 1
1035 468 475 478 1
1036 475 484 478 1
1037 464 470 468 1
1038 470 475 468 1
1039 461 467 464 1
1040 467 470 464 1
1041 494 500 509 1
1042 500 515 509 1
1043 484 490 494 1
1044 490 500 494 1
1045 475 481 484 1
1046 481 490 484 1
1047 470 476 475 1
1048 476 481 475 1
1049 467 473 470 1
1050 473 476 470 1
1051 500 506 515 1
1052 506 520 515 1
1053 490 496 500 1
1054 496 506 500 1
1055 481 487 490 1
1056 487 496 490 1
1057 476 482 481 1
1058 482 487 481 1
1059 473 480 476 1
1060 480 482 476 1
1061 506 510 520 1
1062 510 525 520 1
1063 496 502 506 1
1064 502 510 506 1
1065 487 493 496 1
1066 493 502 496 1
1067 482 489 487 1
1068 489 493 487 1
1069 480 486 482 1
1070 486 489 482 1
1071 510 516 525 1
1072 516 530 525 1
1073 502 507 510 1
1074 507 516 510 1
1075 493 498 502 1
1076 498 507 502 1
1077 489 495 493 1
1078 495 498 493 1
1079 486 492 489 1
1080 492 495 489 1
1081 516 522 530 1
1082 522 535 530 1
1083 507 513 516 1
1084 513 522 516 1
1085 498 504 507 1
1086 504 513 507 1
1087 495 501 498 1
1088 501 504 498 1
1089 492 499 495 1
1090 499 501 495 1
1091 522 528 535 1
1092 528 541 535 1
1093 513 519 522 1
1094 519 528 522 1
1095 504 511 513 1
1096 511 519 513 1
1097 501 508 504 1
1098 508 511 504 1
1099 499 505 501 1
1100 505 508 501 1
1101 528 534 541 1
1102 534 547 541 1
1103 519 526 528 1
1104 526 534 528 1
1105 511 517 519 1
1106 517 526 519 1
1107 508 514 511 1
1108 514 517 511 1
1109 505 512 508 1
1110 512 514 508 1
1111 534 540 547 1
1112 540 553 547 1
1113 526 532 534 1
1114 532 540 534 1
1115 517 523 526 1
1116 523 532 526 1
1117 514 521 517 1
1118 521 523 517 1
1119 512 518 514 1
1120 518 521 514 1
1121 540 546 553 1
1122 546 559 553 1
1123 532 538 540 1
1124 538 546 540 1
1125 523 529 532 1
1126 529 538 532 1
1127 521 527 523 1
1128 527 529 523 1
1129 518 524 521 1
1130 524 527 521 1
1131 546 552 559 1
1132 552 565 559 1
1133 538 544 546 1
1134 544 552 546 1
1135 529 536 538 1
1136 536 544 538 1
1137 527 533 529 1
1138 533 536 529 1
1139 524 531 527 1
1140 531 533 527 1
1141 552 558 565 1
1142 558 570 565 1
1143 544 549 552 1
1144 549 558 552 1
1145 536 542 544 1
1146 542 549 544 1
1147 533 539 536 1
1148 539 542 536 1
1149 531 537 533 1
1150 537 539 533 1
1151 558 564 570 1
1152 564 576 570 1
1153 549 555 558 1
1154 555 564 558 1
1155 542 548 549 1
1156 548 555 549 1
1157 539 545 542 1
1158 545 548 542 1
1159 537 543 539 1
1160 543 545 539 1
1161 564 571 576 1
1162 571 582 576 1
1163 555 561 564 1
1164 561 571 564 1
1165 548 554 555 1
1166 554 561 555 1
1167 545 551 548 1
1168 551 554 548 1
1169 543 550 545 1
1170 550 551 545 1
1171 571 577 582 1
1172 577 587 582 1
1173 561 567 571 1
1174 567 577 571 1
1175 554 560 561 1
1176 560 567 561 1
1177 551 557 554 1
1178 557 560 554 1
1179 550 556 551 1
1180 556 557 551 1
1181 577 583 587 1
1182 583 593 587 1
1183 567 573 577 1
1184 573 583 577 1
1185 560 566 567 1
1186 566 573 567 1
1187 557 563 560 1
1188 563 566 560 1
1189 556 562 557 1
1190 562 563 557 1
1191 583 589 593 1
1192 589 599 593 1
1193 573 579 583 1
1194 579 589 583 1
1195 566 572 573 1
1196 572 579 573 1
1197 563 569 566 1
1198 569 572 566 1
1199 562 568 563 1
1200 568 569 563 1
1201 589 595 599 1
1202 595 604 599 1
1203 579 585 589 1
1204 585 595 589 1
1205 572 578 579 1
1206 578 585 579 1
1207 569 575 572 1
1208 575 578 572 1
1209 568 574 569 1
1210 574 575 569 1
1211 595 600 604 1
1212 600 610 604 1
1213 585 591 595 1
1214 591 600 595 1
1215 578 584 585 1
1216 584 591 585 1
1217 575 581 578 1
1218 581 584 578 1
1219 574 580 575 1
1220 580 581 575 1
1221 600 606 610 1
1222 606 616 610 1
1223 591 596 600 1
1224 596 606 600 1
1225 584 590 591 1
1226 590 596 591 1
1227 581 588 584 1
1228 588 590 584 1
1229 580 586 581 1
1230 586 588 581 1
1231 606 612 616 1
1232 612 622 616 1
1233 596 602 606 1
1234 602 612 606 1
1235 590 597 596 1
1236 597 602 596 1
1237 588 594 590 1
1238 594 597 590 1
1239 586 592 588 1
1240 592 594 588 1
1241 612 618 622 1
1242 618 627 622 1
1243 602 608 612 1
1244 608 618 612 1
1245 597 603 602 1
1246 603 608 602 1
1247 594 601 597 1
1248 601 603 597 1
1249 592 598 594 1
1250 598 601 594 1
1251 618 624 627 1
1252 624 633 627 1
1253 608 614 618 1
1254 614 624 618 1
1255 603 609 608 1
1256 609 614 608 1
1257 601 607 603 1
1258 607 609 603 1
1259 598 605 601 1
1260 605 607 601 1
1261 624 629 633 1
1262 629 638 633 1
1263 614 620 624 1
1264 620 629 624 1
1265 609 615 614 1
1266 615 620 614 1
1267 607 613 609 1
1268 613 615 609 1
1269 605 611 607 1
1270 611 613 607 1
1271 629 635 638 1
1272 635 644 638 1
1273 620 626 629 1
1274 626 635 629 1
1275 615 621 620 1
1276 621 626 620 1
1277 613 619 615 1
1278 619 621 615 1
1279 611 617 613 1
1280 617 619 613 1
1281 635 641 644 1
1282 641 650 644 1
1283 626 632 635 1
1284 632 641 635 1
1285 621 628 626 1
1286 628 632 626 1
1287 619 625 621 1
1288 625 628 621 1
1289 617 623 619 1
1290 623 625 619 1
1291 641 647 650 1
1292 647 656 650 1
1293 632 639 641 1
1294 639 647 641 1
1295 628 634 632 1
1296 634 639 632 1
1297 625 631 628 1
1298 631 634 628 1
1299 623 630 625 1
1300 630 631 625 1
1301 647 653 656 1
1302 653 662 656 1
1303 639 645 647 1
1304 645 653 647 1
1305 634 640 639 1
1306 640 645 639 1
1307 631 637 634 1
1308 637 640 634 1
1309 630 636 631 1
1310 636 637 631 1
1311 653 659 662 1
1312 659 668 662 1
1313 645 651 653 1
1314 651 659 653 1
1315 640 646 645 1
1316 646 651 645 1
1317 637 643 640 1
1318 643 646 640 1
1319 636 642 637 1
1320 642 643 637 1
1321 659 665 668 1
1322 665 674 668 1
1323 651 657 659 1
1324 657 665 659 1
1325 646 652 651 1
1326 652 657 651 1
1327 643 649 646 1
1328 649 652 646 1
1329 642 648 643 1
1330 648 649 643 1
1331 665 671 674 1
1332 671 680 674 1
1333 657 663 665 1
1334 663 671 665 1
1335 652 658 657 1
1336 658 663 657 1
1337 649 655 652 1
1338 655 658 652 1
1339 648 654 649 1
1340 654 655 649 1
1341 671 677 680 1
1342 677 686 680 1
1343 663 669 671 1
1344 669 677 671 1
1345 658 664 663 1
1346 664 669 663 1
1347 655 661 658 1
1348 661 664 658 1
1349 654 660 655 1
1350 660 661 655 1
1351 677 683 686 1
1352 683 692 686 1
1353 669 675 677 1
1354 675 683 677 1
1355 664 670 669 1
1356 670 675 669 1
1357 661 667 664 1
1358 667 670 664 1
1359 660 666 661 1
1360 666 667 661 1
1361 683 689 692 1
1362 689 697 692 1
1363 675 681 683 1
1364 681 689 683 1
1365 670 676 675 1
1366 676 681 675 1
1367 667 673 670 1
1368 673 676 670 1
1369 666 672 667 1
1370 672 673 667 1
1371 689 694 697 1
1372 694 703 697 1
1373 681 687 689 1
1374 687 694 689 1
1375 676 682 681 1
1376 682 687 681 1
1377 673 679 676 1
1378 679 682 676 1
1379 672 678 673 1
1380 678 679 673 1
1381 694 700 703 1
1382 700 709 703 1
1383 687 693 694 1
1384 693 700 694 1
1385 682 688 687 1
1386 688 693 687 1
1387 679 685 682 1
1388 685 688 682 1
1389 678 684 679 1
1390 684 685 679 1
1391 700 706 709 1
1392 706 714 709 1
1393 693 699 700 1
1394 699 706 700 1
1395 688 695 693 1
1396 695 699 693 1
1397 685 691 688 1
1398 691 695 688 1
1399 684 690 685 1
1400 690 691 685 1
1401 706 712 714 1
1402 712 720 714 1
1403 699 705 706 1
1404 705 712 706 1
1405 695 701 699 1
1406 701 705 699 1
1407 691 698 695 1
1408 698 701 695 1
1409 690 696 691 1
1410 696 698 691 1
1411 712 718 720 1
1412 718 726 720 1
1413 705 711 712 1
1414 711 718 712 1
1415 701 707 705 1
1416 707 711 705 1
1417 698 704 701 1
1418 704 707 701 1
1419 696 702 698 1
1420 702 704 698 1
1421 718 724 726 1
1422 724 732 726 1
1423 711 717 718 1
1424 717 724 718 1
1425 707 713 711 1
1426 713 717 711 1
1427 704 710 707 1
1428 710 713 707 1
1429 702 708 704 1
1430 708 710 704 1
1431 724 730 732 1
1432 730 738 732 1
1433 717 723 724 1
1434 723 730 724 1
1435 713 719 717 1
1436 719 723 717 1
1437 710 716 713 1
1438 716 719 713 1
1439 708 715 710 1
1440 715 716 710 1
1441 730 736 738 1
1442 736 744 738 1
1443 723 729 730 1
1444 729 736 730 1
1445 719 725 723 1
1446 725 729 723 1
1447 716 722 719 1
1448 722 725 719 1
1449 715 721 716 1
1450 721 722 716 1
1451 736 742 744 1
1452 742 750 744 1
1453 729 735 736 1
1454 735 742 736 1
1455 725 731 729 1
1456 731 735 729 1
1457 722 728 725 1
1458 728 731 725 1
1459 721 727 722 1
1460 727 728 722 1
1461 742 748 750 1
1462 748 756 750 1
1463 735 741 742 1
1464 741 748 742 1
1465 731 737 735 1
1466 737 741 735 1
1467 728 734 731 1
1468 734 737 731 1
1469 727 733 728 1
1470 733 734 728 1
1471 748 754 756 1
1472 754 762 756 1
1473 741 747 748 1
1474 747 754 748 1
1475 737 743 741 1
1476 743 747 741 1
1477 734 740 737 1
1478 740 743 737 1
1479 733 739 734 1
1480 739 740 734 1
1481 754 760 762 1
1482 760 768 762 1
1483 747 753 754 1
1484 753 760 754 1
1485 743 749 747 1
1486 749 753 747 1
1487 740 746 743 1
1488 746 749 743 1
1489 739 745 740 1
1490 745 746 740 1
1491 760 766 768 1
1492 766 774 768 1
1493 753 759 760 1
1494 759 766 760 1
1495 749 755 753 1
1496 755 759 753 1
1497 746 752 749 1
1498 752 755 749 1
1499 745 751 746 1
1500 751 752 746 1
1501 766 772 774 1
1502 772 780 774 1
1503 759 765 766 1
1504 765 772 766 1
1505 755 761 759 1
1506 761 765 759 1
1507 752 758 755 1
1508 758 761 755 1
1509 751 757 752 1
1510 757 758 752 1
1511 772 778 780 1
1512 778 785 780 1
1513 765 771 772 1
1514 771 778 772 1
1515 761 767 765 1
1516 767 771 765 1
1517 758 764 761 1
1518 764 767 761 1
1519 757 763 758 1
1520 763 764 758 1
1521 778 783 785 1
1522 783 791 785 1
1523 771 777 778 1
1524 777 783 778 1
1525 767 773 771 1
1526 773 777 771 1
1527 764 770 767 1
1528 770 773 767 1
1529 763 769 764 1
1530 769 770 764 1
1531 783 789 791 1
1532 789 797 791 1
1533 777 784 783 1
1534 784 789 783 1
1535 773 779 777 1
1536 779 784 777 1
1537 770 776 773 1
1538 776 779 773 1
1539 769 775 770 1
1540 775 776 770 1
1541 789 795 797 1
1542 795 803 797 1
1543 784 790 789 1
1544 790 795 789 1
1545 779 786 784 1
1546 786 790 784 1
1547 776 782 779 1
1548 782 786 779 1
1549 775 781 776 1
1550 781 782 776 1
1551 795 801 803 1
1552 801 809 803 1
1553 790 796 795 1
1554 796 801 795 1
1555 786 792 790 1
1556 792 796 790 1
1557 782 788 786 1
1558 788 792 786 1
1559 781 787 782 1
1560 787 788 782 1
1561 801 807 809 1
1562 807 815 809 1
1563 796 802 801 1
1564 802 807 801 1
1565 792 798 796 1
1566 798 802 796 1
1567 788 794 792 1
1568 794 798 792 1
1569 787 793 788 1
1570 793 794 788 1
1571 807 813 815 1
1572 813 821 815 1
1573 802 808 807 1
1574 808 813 807 1
1575 798 804 802 1
1576 804 808 802 1
1577 794 800 798 1
1578 800 804 798 1
1579 793 799 794 1
1580 799 800 794 1
1581 813 819 821 1
1582 819 827 821 1
1583 808 814 813 1
1584 814 819 813 1
1585 804 810 808 1
1586 810 814 808 1
1587 800 806 804 1
1588 806 810 804 1
1589 799 805 800 1
1590 805 806 800 1
1591 819 824 827 1
1592 824 833 827 1
1593 814 820 819 1
1594 820 824 819 1
1595 810 816 814 1
1596 816 820 814 1
1597 806 812 810 1
1598 812 816 810 1
1599 805 811 806 1
1600 811 812 806 1
1601 824 830 833 1
1602 830 839 833 1
1603 820 826 824 1
1604 826 830 824 1
1605 816 822 820 1
1606 822 826 820 1
1607 812 818 816 1
1608 818 822 816 1
1609 811 817 812 1
1610 817 818 812 1
1611 830 836 839 1
1612 836 845 839 1
1613 826 832 830 1
1614 832 836 830 1
1615 822 828 826 1
1616 828 832 826 1
1617 818 825 822 1
1618 825 828 822 1
1619 817 823 818 1
1620 823 825 818 1
1621 836 842 845 1
1622 842 851 845 1
1623 832 838 836 1
1624 838 842 836 1
1625 828 834 832 1
1626 834 838 832 1
1627 825 831 828 1
1628 831 834 828 1
1629 823 829 825 1
1630 829 831 825 1
1631 842 848 851 1
1632 848 857 851 1
1633 838 844 842 1
1634 844 848 842 1
1635 834 840 838 1
1636 840 844 838 1
1637 831 837 834 1
1638 837 840 834 1
1639 829 835 831 1
1640 835 837 831 1
1641 848 854 857 1
1642 854 863 857 1
1643 844 850 848 1
1644 850 854 848 1
1645 840 846 844 1
1646 846 850 844 1
1647 837 843 840 1
1648 843 846 840 1
1649 835 841 837 1
1650 841 843 837 1
1651 854 860 863 1
1652 860 869 863 1
1653 850 856 854 1
1654 856 860 854 1
1655 846 852 850 1
1656 852 856 850 1
1657 843 849 846 1
1658 849 852 846 1
1659 841 847 843 1
1660 847 849 843 1
1661 860 866 869 1
1662 866 874 869 1
1663 856 862 860 1
1664 862 866 860 1
1665 852 858 856 1
1666 858 862 856 1
1667 849 855 852 1
1668 855 858 852 1
1669 847 853 849 1
1670 853 855 849 1
1671 866 871 874 1
1672 871 879 874 1
1673 862 867 866 1
1674 867 871 866 1
1675 858 864 862 1
1676 864 867 862 1
1677 855 861 858 1
1678 861 864 858 1
1679 853 859 855 1
1680 859 861 855 1
1681 871 877 879 1
1682 877 885 879 1
1683 867 873 871 1
1684 873 877 871 1
1685 864 870 867 1
1686 870 873 867 1
1687 861 868 864 1
1688 868 870 864 1
1689 859 865 861 1
1690 865 868 861 1
1691 877 883 885 1
1692 883 891 885 1
1693 873 880 877 1
1694 880 883 877 1
1695 870 876 873 1
1696 876 880 873 1
1697 868 875 870 1
1698 875 876 870 1
1699 865 872 868 1
1700 872 875 868 1
1701 883 889 891 1
1702 889 897 891 1
1703 880 886 883 1
1704 886 889 883 1
1705 876 882 880 1
1706 882 886 880 1
1707 875 881 876 1
1708 881 882 876 1
1709 872 878 875 1
1710 878 881 875 1
1711 889 895 897 1
1712 895 902 897 1
1713 886 892 889 1
1714 892 895 889 1
1715 882 888 886 1
1716 888 892 886 1
1717 881 887 882 1
1718 887 888 882 1
1719 878 884 881 1
1720 884 887 881 1
1721 895 901 902 1
1722 901 908 902 1
1723 892 898 895 1
1724 898 901 895 1
1725 888 894 892 1
1726 894 898 892 1
1727 887 893 888 1
1728 893 894 888 1
1729 884 890 887 1
1730 890 893 887 1
1731 901 907 908 1
1732 907 914 908 1
1733 898 904 901 1
1734 904 907 901 1
1735 894 900 898 1
1736 900 904 898 1
1737 893 899 894 1
1738 899 900 894 1
1739 890 896 893 1
1740 896 899 893 1
1741 907 913 914 1
1742 913 920 914 1
1743 904 910 907 1
1744 910 913 907 1
1745 900 906 904 1
1746 906 910 904 1
1747 899 905 900 1
1748 905 906 900 1
1749 896 903 899 1
1750 903 905 899 1
1751 913 919 920 1
1752 919 926 920 1
1753 910 916 913 1
1754 916 919 913 1
1755 906 912 910 1
1756 912 916 910 1
1757 905 911 906 1
1758 911 912 906 1
1759 903 909 905 1
1760 909 911 905 1
1761 919 925 926 1
1762 925 932 926 1
1763 916 922 919 1
1764 922 925 919 1
1765 912 918 916 1
1766 918 922 916 1
1767 911 917 912 1
1768 917 918 912 1
1769 909 915 911 1
1770 915 917 911 1
1771 925 931 932 1
1772 931 938 932 1
1773 922 928 925 1
1774 928 931 925 1
1775 918 924 922 1
1776 924 928 922 1
1777 917 923 918 1
1778 923 924 918 1
1779 915 921 917 1
1780 921 923 917 1
1781 931 937 938 1
1782 937 944 938 1
1783 928 934 931 1
1784 934 937 931 1
1785 924 930 928 1
1786 930 934 928 1
1787 923 929 924 1
1788 929 930 924 1
1789 921 927 923 1
1790 927 929 923 1
1791 937 943 944 1
1792 943 950 944 1
1793 934 940 937 1
1794 940 943 937 1
1795 930 936 934 1
1796 936 940 934 1
1797 929 935 930 1
1798 935 936 930 1
1799 927 933 929 1
1800 933 935 929 1
1801 943 949 950 1
1802 949 956 950 1
1803 940 946 943 1
1804 946 949 943 1
1805 936 942 940 1
1806 942 946 940 1
1807 935 941 936 1
1808 941 942 936 1
1809 933 939 935 1
1810 939 941 935 1
1811 949 955 956 1
1812 955 962 956 1
1813 946 952 949 1
1814 952 955 949 1
1815 942 948 946 1
1816 948 952 946 1
1817 941 947 942 1
1818 947 948 942 1
1819 939 945 941 1
1820 945 947 941 1
1821 955 961 962 1
1822 961 967 962 1
1823 952 957 955 1
1824 957 961 955 1
1825 948 954 952 1
1826 954 957 952 1
1827 947 953 948 1
1828 953 954 948 1
1829 945 951 947 1
1830 951 953 947 1
1831 961 968 967 1
1832 968 973 967 1
1833 957 963 961 1
1834 963 968 961 1
1835 954 960 957 1
1836 960 963 957 1
1837 953 959 954 1
1838 959 960 954 1
1839 951 958 953 1
1840 958 959 953 1
1841 968 974 973 1
1842 974 979 973 1
1843 963 969 968 1
1844 969 974 968 1
1845 960 966 963 1
1846 966 969 963 1
1847 959 965 960 1
1848 965 966 960 1
1849 958 964 959 1
1850 964 965 959 1
1851 974 980 979 1
1852 980 985 979 1
1853 969 975 974 1
1854 975 980 974 1
1855 966 972 969 1
1856 972 975 969 1
1857 965 971 966 1
1858 971 972 966 1
1859 964 970 965 1
1860 970 971 965 1
1861 980 986 985 1
1862 986 991 985 1
1863 975 981 980 1
1864 981 986 980 1
1865 972 978 975 1
1866 978 981 975 1
1867 971 977 972 1
1868 977 978 972 1
1869 970 976 971 1
1870 976 977 971 1
1871 986 992 991 1
1872 992 997 991 1
1873 981 987 986 1
1874 987 992 986 1
1875 978 984 981 1
1876 984 987 981 1
1877 977 983 978 1
1878 983 984 978 1
1879 976 982 977 1
1880 982 983 977 1
1881 992 998 997 1
1882 998 1003 997 1
1883 987 993 992 1
1884 993 998 992 1
1885 984 990 987 1
1886 990 993 987 1
1887 983 989 984 1
1888 989 990 984 1
1889 982 988 983 1
1890 988 989 983 1
1891 998 1004 1003 1
1892 1004 1009 1003 1
1893 993 999 998 1
1894 999 1004 998 1
1895 990 996 993 1
1896 996 999 993 1
1897 989 995 990 1
1898 995 996 990 1
1899 988 994 989 1
1900 994 995 989 1
1901 1004 1010 1009 1
1902 1010 1015 1009 1
1903 999 1005 1004 1
1904 1005 1010 1004 1
1905 996 1002 999 1
1906 1002 1005 999 1
1907 995 1001 996 1
1908 1001 1002 996 1
1909 994 1000 995 1
1910 1000 1001 995 1
1911 1010 1016 1015 1
1912 1016 1021 1015 1
1913 1005 1011 1010 1
1914 1011 1016 1010 1
1915 1002 1008 1005 1
1916 1008 1011 1005 1
1917 1001 1007 1002 1
1918 1007 1008 1002 1
1919 1000 1006 1001 1
1920 1006 1007 1001 1
1921 1016 1022 1021 1
1922 1022 1027 1021 1
1923 1011 1017 1016 1
1924 1017 1022 1016 1
1925 1008 1014 1011 1
1926 1014 1017 1011 1
1927 1007 1013 1008 1
1928 1013 1014 1008 1
1929 1006 1012 1007 1
1930 1012 1013 1007 1
1931 1022 1028 1027 1
1932 1028 1037 1027 1
1933 1017 1023 1022 1
1934 1023 1028 1022 1
1935 1014 1020 1017 1
1936 1020 1023 1017 1
1937 1013 1019 1014 1
1938 1019 1020 1014 1
1939 1012 1018 1013 1
1940 1018 1019 1013 1
1941 1028 1038 1037 1
1942 1038 1052 1037 1
1943 1023 1029 1028 1
1944 1029 1038 1028 1
1945 1020 1026 1023 1
1946 1026 1029 1023 1
1947 1019 1025 1020 1
1948 1025 1026 1020 1
1949 1018 1024 1019 1
1950 1024 1025 1019 1
1951 1038 1055 1052 1
1952 1055 1067 1052 1
1953 1029 1043 1038 1
1954 1043 1055 1038 1
1955 1026 1035 1029 1
1956 1035 1043 1029 1
1957 1025 1031 1026 1
1958 1031 1035 1026 1
1959 1024 1030 1025 1
1960 1030 1031 1025 1
1961 1055 1068 1067 1
1962 1068 1081 1067 1
1963 1043 1057 1055 1
1964 1057 1068 1055 1
1965 1035 1051 1043 1
1966 1051 1057 1043 1
1967 1031 1046 1035 1
1968 1046 1051 1035 1
1969 1030 1044 1031 1
1970 1044 1046 1031 1
1971 1068 1083 1081 1
1972 1083 1095 1081 1
1973 1057 1074 1068 1
1974 1074 1083 1068 1
1975 1051 1066 1057 1
1976 1066 1074 1057 1
1977 1046 1063 1051 1
1978 1063 1066 1051 1
1979 1044 1060 1046 1
1980 1060 1063 1046 1
1981 1083 1096 1095 1
1982 1096 1105 1095 1
1983 1074 1086 1083 1
1984 1086 1096 1083 1
1985 1066 1080 1074 1
1986 1080 1086 1074 1
1987 1063 1077 1066 1
1988 1077 1080 1066 1
1989 1060 1076 1063 1
1990 1076 1077 1063 1
1991 1096 1106 1105 1
1992 1106 1114 1105 1
1993 1086 1097 1096 1
1994 1097 1106 1096 1
1995 1080 1091 1086 1
1996 1091 1097 1086 1
1997 1077 1089 1080 1
1998 1089 1091 1080 1
1999 1076 1087 1077 1
2000 1087 1089 1077 1
2001 1106 1116 1114 1
2002 1116 1125 1114 1
2003 1097 1109 1106 1
2004 1109 1116 1106 1
2005 1091 1103 1097 1
2006 1103 1109 1097 1
2007 1089 1100 1091 1
2008 1100 1103 1091 1
2009 1087 1099 1089 1
2010 1099 1100 1089 1
2011 1116 1126 1125 1
2012 1126 1134 1125 1
2013 1109 1118 1116 1
2014 1118 1126 1116 1
2015 1103 1113 1109 1
2016 1113 1118 1109 1
2017 1100 1111 1103 1
2018 1111 1113 1103 1
2019 1099 1110 1100 1
2020 1110 1111 1100 1
2021 1126 1135 1134 1
2022 1135 1144 1134 1
2023 1118 1129 1126 1
2024 1129 1135 1126 1
2025 1113 1124 1118 1
2026 1124 1129 1118 1
2027 1111 1122 1113 1
2028 1122 1124 1113 1
2029 1110 1121 1111 1
2030 1121 1122 1111 1
2031 1135 1146 1144 1
2032 1146 1152 1144 1
2033 1129 1138 1135 1
2034 1138 1146 1135 1
2035 1124 1132 1129 1
2036 1132 1138 1129 1
2037 1122 1131 1124 1
2038 1131 1132 1124 1
2039 1121 1130 1122 1
2040 1130 1131 1122 1
2041 1146 1154 1152 1
2042 1154 1162 1152 1
2043 1138 1147 1146 1
2044 1147 1154 1146 1
2045 1132 1143 1138 1
2046 1143 1147 1138 1
2047 1131 1141 1132 1
2048 1141 1143 1132 1
2049 1130 1140 1131 1
2050 1140 1141 1131 1
2051 1154 1164 1162 1
2052 1164 1169 1162 1
2053 1147 1157 1154 1
2054 1157 1164 1154 1
2055 1143 1151 1147 1
2056 1151 1157 1147 1
2057 1141 1150 1143 1
2058 1150 1151 1143 1
2059 1140 1148 1141 1
2060 1148 1150 1141 1
2061 1164 1171 1169 1
2062 1171 1179 1169 1
2063 1157 1165 1164 1
2064 1165 1171 1164 1
2065 1151 1163 1157 1
2066 1163 1165 1157 1
2067 1150 1160 1151 1
2068 1160 1163 1151 1
2069 1148 1159 1150 1
2070 1159 1160 1150 1
2071 1171 1182 1179 1
2072 1182 1187 1179 1
2073 1165 1175 1171 1
2074 1175 1182 1171 1
2075 1163 1170 1165 1
2076 1170 1175 1165 1
2077 1160 1168 1163 1
2078 1168 1170 1163 1
2079 1159 1167 1160 1
2080 1167 1168 1160 1
2081 1182 1189 1187 1
2082 1189 1197 1187 1
2083 1175 1183 1182 1
2084 1183 1189 1182 1
2085 1170 1181 1175 1
2086 1181 1183 1175 1
2087 1168 1178 1170 1
2088 1178 1181 1170 1
2089 1167 1177 1168 1
2090 1177 1178 1168 1
2091 1189 1199 1197 1
2092 1199 1205 1197 1
2093 1183 1192 1189 1
2094 1192 1199 1189 1
2095 1181 1188 1183 1
2096 1188 1192 1183 1
2097 1178 1186 1181 1
2098 1186 1188 1181 1
2099 1177 1184 1178 1
2100 1184 1186 1178 1
2101 1199 1207 1205 1
2102 1207 1214 1205 1
2103 1192 1201 1199 1
2104 1201 1207 1199 1
2105 1188 1198 1192 1
2106 1198 1201 1192 1
2107 1186 1195 1188 1
2108 1195 1198 1188 1
2109 1184 1194 1186 1
2110 1194 1195 1186 1
2111 1207 1216 1214 1
2112 1216 1222 1214 1
2113 1201 1208 1207 1
2114 1208 1216 1207 1
2115 1198 1206 1201 1
2116 1206 1208 1201 1
2117 1195 1203 1198 1
2118 1203 1206 1198 1
2119 1194 1202 1195 1
2120 1202 1203 1195 1
2121 1216 1224 1222 1
2122 1224 1229 1222 1
2123 1208 1218 1216 1
2124 1218 1224 1216 1
2125 1206 1215 1208 1
2126 1215 1218 1208 1
2127 1203 1211 1206 1
2128 1211 1215 1206 1
2129 1202 1209 1203 1
2130 1209 1211 1203 1
2131 1224 1232 1229 1
2132 1232 1239 1229 1
2133 1218 1226 1224 1
2134 1226 1232 1224 1
2135 1215 1223 1218 1
2136 1223 1226 1218 1
2137 1211 1221 1215 1
2138 1221 1223 1215 1
2139 1209 1220 1211 1
2140 1220 1221 1211 1
2141 1232 1241 1239 1
2142 1241 1247 1239 1
2143 1226 1235 1232 1
2144 1235 1241 1232 1
2145 1223 1230 1226 1
2146 1230 1235 1226 1
2147 1221 1228 1223 1
2148 1228 1230 1223 1
2149 1220 1227 1221 1
2150 1227 1228 1221 1
2151 1241 1249 1247 1
2152 1249 1254 1247 1
2153 1235 1243 1241 1
2154 1243 1249 1241 1
2155 1230 1240 1235 1
2156 1240 1243 1235 1
2157 1228 1238 1230 1
2158 1238 1240 1230 1
2159 1227 1236 1228 1
2160 1236 1238 1228 1
2161 1249 1257 1254 1
2162 1257 1264 1254 1
2163 1243 1250 1249 1
2164 1250 1257 1249 1
2165 1240 1248 1243 1
2166 1248 1250 1243 1
2167 1238 1246 1240 1
2168 1246 1248 1240 1
2169 1236 1244 1238 1
2170 1244 1246 1238 1
2171 1257 1266 1264 1
2172 1266 1271 1264 1
2173 1250 1260 1257 1
2174 1260 1266 1257 1
2175 1248 1256 1250 1
2176 1256 1260 1250 1
2177 1246 1253 1248 1
2178 1253 1256 1248 1
2179 1244 1252 1246 1
2180 1252 1253 1246 1
2181 1266 1273 1271 1
2182 1273 1279 1271 1
2183 1260 1268 1266 1
2184 1268 1273 1266 1
2185 1256 1265 1260 1
2186 1265 1268 1260 1
2187 1253 1262 1256 1
2188 1262 1265 1256 1
2189 1252 1261 1253 1
2190 1261 1262 1253 1
2191 1273 1282 1279 1
2192 1282 1288 1279 1
2193 1268 1275 1273 1
2194 1275 1282 1273 1
2195 1265 1272 1268 1
2196 1272 1275 1268 1
2197 1262 1270 1265 1
2198 1270 1272 1265 1
2199 1261 1269 1262 1
2200 1269 1270 1262 1
2201 1282 1290 1288 1
2202 1290 1295 1288 1
2203 1275 1284 1282 1
2204 1284 1290 1282 1
2205 1272 1281 1275 1
2206 1281 1284 1275 1
2207 1270 1277 1272 1
2208 1277 1281 1272 1
2209 1269 1276 1270 1
2210 1276 1277 1270 1
2211 1290 1298 1295 1
2212 1298 1303 1295 1
2213 1284 1292 1290 1
2214 1292 1298 1290 1
2215 1281 1289 1284 1
2216 1289 1292 1284 1
2217 1277 1287 1281 1
2218 1287 1289 1281 1
2219 1276 1286 1277 1
2220 1286 1287 1277 1
2221 1298 1306 1303 1
2222 1306 1312 1303 1
2223 1292 1299 1298 1
2224 1299 1306 1298 1
2225 1289 1297 1292 1
2226 1297 1299 1292 1
2227 1287 1294 1289 1
2228 1294 1297 1289 1
2229 1286 1293 1287 1
2230 1293 1294 1287 1
2231 1306 1314 1312 1
2232 1314 1319 1312 1
2233 1299 1308 1306 1
2234 1308 1314 1306 1
2235 1297 1305 1299 1
2236 1305 1308 1299 1
2237 1294 1301 1297 1
2238 1301 1305 1297 1
2239 1293 1300 1294 1
2240 1300 1301 1294 1
2241 1314 1322 1319 1
2242 1322 1326 1319 1
2243 1308 1316 1314 1
2244 1316 1322 1314 1
2245 1305 1313 1308 1
2246 1313 1316 1308 1
2247 1301 1311 1305 1
2248 1311 1313 1305 1
2249 1300 1310 1301 1
2250 1310 1311 1301 1
2251 1322 1330 1326 1
2252 1330 1336 1326 1
2253 1316 1323 1322 1
2254 1323 1330 1322 1
2255 1313 1321 1316 1
2256 1321 1323 1316 1
2257 1311 1318 1313 1
2258 1318 1321 1313 1
2259 1310 1317 1311 1
2260 1317 1318 1311 1
2261 1330 1338 1336 1
2262 1338 1343 1336 1
2263 1323 1332 1330 1
2264 1332 1338 1330 1
2265 1321 1329 1323 1
2266 1329 1332 1323 1
2267 1318 1325 1321 1
2268 1325 1329 1321 1
2269 1317 1324 1318 1
2270 1324 1325 1318 1
2271 1338 1345 1343 1
2272 1345 1349 1343 1
2273 1332 1340 1338 1
2274 1340 1345 1338 1
2275 1329 1337 1332 1
2276 1337 1340 1332 1
2277 1325 1335 1329 1
2278 1335 1337 1329 1
2279 1324 1334 1325 1
2280 1334 1335 1325 1
2281 1488 1482 1487 1
2282 1482 1481 1487 1
2283 1490 1484 1488 1
2284 1484 1482 1488 1
2285 1491 1485 1490 1
2286 1485 1484 1490 1
2287 1493 1489 1491 1
2288 1489 1485 1491 1
2289 1494 1492 1493 1
2290 1492 1489 1493 1
2291 1482 1475 1481 1
2292 1475 1474 1481 1
2293 1484 1478 1482 1
2294 1478 1475 1482 1
2295 1485 1479 1484 1
2296 1479 1478 1484 1
2297 1489 1483 1485 1
2298 1483 1479 1485 1
2299 1492 1486 1489 1
2300 1486 1483 1489 1
2301 1475 1468 1474 1
2302 1468 1467 1474 1
2303 1478 1470 1475 1
2304 1470 1468 1475 1
2305 1479 1472 1478 1
2306 1472 1470 1478 1
2307 1483 1477 1479 1
2308 1477 1472 1479 1
2309 1486 1480 1483 1
2310 1480 1477 1483 1
2311 1468 1458 1467 1
2312 1458 1457 1467 1
2313 1470 1461 1468 1
2314 1461 1458 1468 1
2315 1472 1464 1470 1
2316 1464 1461 1470 1
2317 1477 1469 1472 1
2318 1469 1464 1472 1
2319 1480 1473 1477 1
2320 1473 1469 1477 1
2321 1458 1452 1457 1
2322 1452 1451 1457 1
2323 1461 1454 1458 1
2324 1454 1452 1458 1
2325 1464 1455 1461 1
2326 1455 1454 1461 1
2327 1469 1459 1464 1
2328 1459 1455 1464 1
2329 1473 1465 1469 1
2330 1465 1459 1469 1
2331 1452 1445 1451 1
2332 1445 1444 1451 1
2333 1454 1447 1452 1
2334 1447 1445 1452 1
2335 1455 1449 1454 1
2336 1449 1447 1454 1
2337 1459 1453 1455 1
2338 1453 1449 1455 1
2339 1465 1456 1459 1
2340 1456 1453 1459 1
2341 1445 1437 1444 1
2342 1437 1436 1444 1
2343 1447 1439 1445 1
2344 1439 1437 1445 1
2345 1449 1441 1447 1
2346 1441 1439 1447 1
2347 1453 1446 1449 1
2348 1446 1441 1449 1
2349 1456 1450 1453 1
2350 1450 1446 1453 1
2351 1437 1428 1436 1
2352 1428 1427 1436 1
2353 1439 1430 1437 1
2354 1430 1428 1437 1
2355 1441 1432 1439 1
2356 1432 1430 1439 1
2357 1446 1438 1441 1
2358 1438 1432 1441 1
2359 1450 1443 1446 1
2360 1443 1438 1446 1
2361 1428 1421 1427 1
2362 1421 1420 1427 1
2363 1430 1424 1428 1
2364 1424 1421 1428 1
2365 1432 1425 1430 1
2366 1425 1424 1430 1
2367 1438 1429 1432 1
2368 1429 1425 1432 1
2369 1443 1434 1438 1
2370 1434 1429 1438 1
2371 1421 1414 1420 1
2372 1414 1413 1420 1
2373 1424 1416 1421 1
2374 1416 1414 1421 1
2375 1425 1418 1424 1
2376 1418 1416 1424 1
2377 1429 1423 1425 1
2378 1423 1418 1425 1
2379 1434 1426 1429 1
2380 1426 1423 1429 1
2381 1414 1404 1413 1
2382 1404 1403 1413 1
2383 1416 1408 1414 1
2384 1408 1404 1414 1
2385 1418 1410 1416 1
2386 1410 1408 1416 1
2387 1423 1415 1418 1
2388 1415 1410 1418 1
2389 1426 1419 1423 1
2390 1419 1415 1423 1
2391 1404 1398 1403 1
2392 1398 1396 1403 1
2393 1408 1400 1404 1
2394 1400 1398 1404 1
2395 1410 1401 1408 1
2396 1401 1400 1408 1
2397 1415 1407 1410 1
2398 1407 1401 1410 1
2399 1419 1412 1415 1
2400 1412 1407 1415 1
2401 1398 1391 1396 1
2402 1391 1388 1396 1
2403 1400 1393 1398 1
2404 1393 1391 1398 1
2405 1401 1394 1400 1
2406 1394 1393 1400 1
2407 1407 1399 1401 1
2408 1399 1394 1401 1
2409 1412 1402 1407 1
2410 1402 1399 1407 1
2411 1391 1383 1388 1
2412 1383 1380 1388 1
2413 1393 1385 1391 1
2414 1385 1383 1391 1
2415 1394 1387 1393 1
2416 1387 1385 1393 1
2417 1399 1392 1394 1
2418 1392 1387 1394 1
2419 1402 1397 1399 1
2420 1397 1392 1399 1
2421 1383 1374 1380 1
2422 1374 1372 1380 1
2423 1385 1376 1383 1
2424 1376 1374 1383 1
2425 1387 1378 1385 1
2426 1378 1376 1385 1
2427 1392 1384 1387 1
2428 1384 1378 1387 1
2429 1397 1390 1392 1
2430 1390 1384 1392 1
2431 1374 1367 1372 1
2432 1367 1365 1372 1
2433 1376 1369 1374 1
2434 1369 1367 1374 1
2435 1378 1371 1376 1
2436 1371 1369 1376 1
2437 1384 1375 1378 1
2438 1375 1371 1378 1
2439 1390 1381 1384 1
2440 1381 1375 1384 1
2441 1367 1359 1365 1
2442 1359 1357 1365 1
2443 1369 1362 1367 1
2444 1362 1359 1367 1
2445 1371 1364 1369 1
2446 1364 1362 1369 1
2447 1375 1368 1371 1
2448 1368 1364 1371 1
2449 1381 1373 1375 1
2450 1373 1368 1375 1
2451 1359 1350 1357 1
2452 1350 1348 1357 1
2453 1362 1352 1359 1
2454 1352 1350 1359 1
2455 1364 1356 1362 1
2456 1356 1352 1362 1
2457 1368 1361 1364 1
2458 1361 1356 1364 1
2459 1373 1366 1368 1
2460 1366 1361 1368 1
2461 1350 1342 1348 1
2462 1342 1341 1348 1
2463 1352 1346 1350 1
2464 1346 1342 1350 1
2465 1356 1347 1352 1
2466 1347 1346 1352 1
2467 1361 1351 1356 1
2468 1351 1347 1356 1
2469 1366 1358 1361 1
2470 1358 1351 1361 1
2471 1342 1335 1341 1
2472 1335 1334 1341 1
2473 1346 1337 1342 1
2474 1337 1335 1342 1
2475 1347 1340 1346 1
2476 1340 1337 1346 1
2477 1351 1345 1347 1
2478 1345 1340 1347 1
2479 1358 1349 1351 1
2480 1349 1345 1351 1
end elements
constraints
1 111111 0 0 0 0 0 0 Units=N-m-kg
2 111111 0 0 0 0 0 0 Units=N-m-kg
5 111111 0 0 0 0 0 0 Units=N-m-kg
10 111111 0 0 0 0 0 0 Units=N-m-kg
16 111111 0 0 0 0 0 0 Units=N-m-kg
23 111111 0 0 0 0 0 0 Units=N-m-kg
1032 111111 0 0 0 0 0 0 Units=N-m-kg
1033 111111 0 0 0 0 0 0 Units=N-m-kg
1039 111111 0 0 0 0 0 0 Units=N-m-kg
1047 111111 0 0 0 0 0 0 Units=N-m-kg
1056 111111 0 0 0 0 0 0 Units=N-m-kg
1069 111111 0 0 0 0 0 0 Units=N-m-kg
end constraints
static_load
global_pressure_loads
481:680 0.0 0.0 -83333.3333 Units=N-m-kg name=Loadcase_1 mode=0
681:880 0.0 0.0 -83333.3333 Units=N-m-kg name=Loadcase_2 mode=0
881:1080 0.0 0.0 -83333.3333 Units=N-m-kg name=Loadcase_3 mode=0
1081:1280 0.0 0.0 -83333.3333 Units=N-m-kg name=Loadcase_4 mode=0
1281:1480 0.0 0.0 -83333.3333 Units=N-m-kg name=Loadcase_5 mode=0
1481:1680 0.0 0.0 -83333.3333 Units=N-m-kg name=Loadcase_6 mode=0
1681:1880 0.0 0.0 -83333.3333 Units=N-m-kg name=Loadcase_7 mode=0
1881:2080 0.0 0.0 -83333.3333 Units=N-m-kg name=Loadcase_8 mode=0
2081:2280 0.0 0.0 -83333.3333 Units=N-m-kg name=Loadcase_9 mode=0
2281:2480 0.0 0.0 -83333.3333 Units=N-m-kg name=Loadcase_10 mode=0
end global_pressure_loads
end static_load

