MESH "Fixed constraints Auto1" dimension 3 ElemType Point Nnode 1
Unit "m"
Coordinates
1 -0.146496 -0.020335 0.019976
2 -0.146496 -0.012335 0.019976
3 -0.146496 -0.020335 0.0281425417
4 -0.146496 -0.012335 0.0281425417
5 -0.146496 -0.004335 0.019976
6 -0.146496 -0.020335 0.0363090833
7 -0.146496 -0.004335 0.0281425417
8 -0.146496 -0.012335 0.0363090833
9 -0.146496 -0.004335 0.0363090833
10 -0.146496 0.003665 0.019976
11 -0.146496 -0.020335 0.044475625
12 -0.146496 0.003665 0.0281425417
13 -0.146496 -0.012335 0.044475625
14 -0.146496 0.003665 0.0363090833
15 -0.146496 -0.004335 0.044475625
16 -0.146496 0.011665 0.019976
17 -0.146496 -0.020335 0.0526421667
18 -0.146496 0.011665 0.0281425417
19 -0.146496 -0.012335 0.0526421667
20 -0.146496 0.003665 0.044475625
21 -0.146496 0.011665 0.0363090833
22 -0.146496 -0.004335 0.0526421667
23 -0.146496 0.019665 0.019976
24 -0.146496 0.011665 0.044475625
25 -0.146496 0.003665 0.0526421667
26 -0.146496 0.019665 0.0281425417
27 -0.146496 -0.020335 0.0608087083
28 -0.146496 -0.012335 0.0608087083
29 -0.146496 0.019665 0.0363090833
30 -0.146496 -0.004335 0.0608087083
31 -0.146496 0.011665 0.0526421667
32 -0.146496 0.019665 0.044475625
33 -0.146496 0.003665 0.0608087083
34 -0.146496 -0.020335 0.06897525
35 -0.146496 -0.012335 0.06897525
36 -0.146496 -0.004335 0.06897525
37 -0.146496 0.019665 0.0526421667
38 -0.146496 0.011665 0.0608087083
39 -0.146496 0.003665 0.06897525
40 -0.146496 0.019665 0.0608087083
41 -0.146496 -0.020335 0.0771417917
42 -0.146496 -0.012335 0.0771417917
43 -0.146496 0.011665 0.06897525
44 -0.146496 -0.004335 0.0771417917
45 -0.146496 0.003665 0.0771417917
46 -0.146496 0.019665 0.06897525
47 -0.146496 -0.020335 0.0853083333
48 -0.146496 0.011665 0.0771417917
49 -0.146496 -0.012335 0.0853083333
50 -0.146496 -0.004335 0.0853083333
51 -0.146496 0.003665 0.0853083333
52 -0.146496 0.019665 0.0771417917
53 -0.146496 0.011665 0.0853083333
54 -0.146496 -0.020335 0.093474875
55 -0.146496 -0.012335 0.093474875
56 -0.146496 -0.004335 0.093474875
57 -0.146496 0.019665 0.0853083333
58 -0.146496 0.003665 0.093474875
59 -0.146496 0.011665 0.093474875
60 -0.146496 -0.020335 0.101641417
61 -0.146496 -0.012335 0.101641417
62 -0.146496 -0.004335 0.101641417
63 -0.146496 0.019665 0.093474875
64 -0.146496 0.003665 0.101641417
65 -0.146496 0.011665 0.101641417
66 -0.146496 -0.020335 0.109807958
67 -0.146496 -0.012335 0.109807958
68 -0.146496 0.019665 0.101641417
69 -0.146496 -0.004335 0.109807958
70 -0.146496 0.003665 0.109807958
71 -0.146496 0.011665 0.109807958
72 -0.146496 -0.020335 0.1179745
73 -0.146496 -0.012335 0.1179745
74 -0.146496 0.019665 0.109807958
75 -0.146496 -0.004335 0.1179745
76 -0.146496 0.003665 0.1179745
77 -0.146496 0.011665 0.1179745
78 -0.146496 0.019665 0.1179745
79 -0.146496 -0.020335 0.126141042
80 -0.146496 -0.012335 0.126141042
81 -0.146496 -0.004335 0.126141042
82 -0.146496 0.003665 0.126141042
83 -0.146496 0.011665 0.126141042
84 -0.146496 0.019665 0.126141042
85 -0.146496 -0.020335 0.134307583
86 -0.146496 -0.012335 0.134307583
87 -0.146496 -0.004335 0.134307583
88 -0.146496 0.003665 0.134307583
89 -0.146496 0.011665 0.134307583
90 -0.146496 0.019665 0.134307583
91 -0.146496 -0.020335 0.142474125
92 -0.146496 -0.012335 0.142474125
93 -0.146496 -0.004335 0.142474125
94 -0.146496 0.003665 0.142474125
95 -0.146496 0.011665 0.142474125
96 -0.146496 0.019665 0.142474125
97 -0.146496 -0.020335 0.150640667
98 -0.146496 -0.012335 0.150640667
99 -0.146496 -0.004335 0.150640667
100 -0.146496 0.003665 0.150640667
101 -0.146496 0.011665 0.150640667
102 -0.146496 0.019665 0.150640667
103 -0.146496 -0.020335 0.158807208
104 -0.146496 -0.012335 0.158807208
105 -0.146496 -0.004335 0.158807208
106 -0.146496 0.003665 0.158807208
107 -0.146496 0.011665 0.158807208
108 -0.146496 0.019665 0.158807208
109 -0.146496 -0.020335 0.16697375
110 -0.146496 -0.012335 0.16697375
111 -0.146496 -0.004335 0.16697375
112 -0.146496 0.003665 0.16697375
113 -0.146496 0.011665 0.16697375
114 -0.146496 0.019665 0.16697375
115 -0.146496 -0.020335 0.175140292
116 -0.146496 -0.012335 0.175140292
117 -0.146496 -0.004335 0.175140292
118 -0.146496 0.003665 0.175140292
119 -0.146496 0.011665 0.175140292
120 -0.146496 0.019665 0.175140292
121 -0.146496 -0.020335 0.183306833
122 -0.146496 -0.012335 0.183306833
123 -0.146496 -0.004335 0.183306833
124 -0.146496 0.003665 0.183306833
125 -0.146496 0.011665 0.183306833
126 -0.146496 0.019665 0.183306833
127 -0.146496 -0.020335 0.191473375
128 -0.146496 -0.012335 0.191473375
129 -0.146496 -0.004335 0.191473375
130 -0.146496 0.003665 0.191473375
131 -0.146496 0.011665 0.191473375
132 -0.146496 0.019665 0.191473375
133 -0.146496 -0.020335 0.199639917
134 -0.146496 -0.012335 0.199639917
135 -0.146496 -0.004335 0.199639917
136 -0.146496 0.003665 0.199639917
137 -0.146496 0.011665 0.199639917
138 -0.146496 0.019665 0.199639917
139 -0.146496 -0.020335 0.207806458
140 -0.146496 -0.012335 0.207806458
141 -0.146496 -0.004335 0.207806458
142 -0.146496 0.003665 0.207806458
143 -0.146496 0.011665 0.207806458
144 -0.146496 0.019665 0.207806458
145 -0.146496 -0.020335 0.215973
146 -0.14503602 -0.020335 0.215973
147 -0.14357604 -0.020335 0.215973
148 -0.14211606 -0.020335 0.215973
149 -0.14065608 -0.020335 0.215973
150 -0.1391961 -0.020335 0.215973
151 -0.146496 -0.012335 0.215973
152 -0.14503602 -0.012335 0.215973
153 -0.14357604 -0.012335 0.215973
154 -0.13773612 -0.020335 0.215973
155 -0.14211606 -0.012335 0.215973
156 -0.14065608 -0.012335 0.215973
157 -0.13627614 -0.020335 0.215973
158 -0.1391961 -0.012335 0.215973
159 -0.13481616 -0.020335 0.215973
160 -0.13773612 -0.012335 0.215973
161 -0.13627614 -0.012335 0.215973
162 -0.13335618 -0.020335 0.215973
163 -0.13481616 -0.012335 0.215973
164 -0.1318962 -0.020335 0.215973
165 -0.13335618 -0.012335 0.215973
166 -0.146496 -0.004335 0.215973
167 -0.13043622 -0.020335 0.215973
168 -0.14503602 -0.004335 0.215973
169 -0.14357604 -0.004335 0.215973
170 -0.14211606 -0.004335 0.215973
171 -0.1318962 -0.012335 0.215973
172 -0.14065608 -0.004335 0.215973
173 -0.12897624 -0.020335 0.215973
174 -0.1391961 -0.004335 0.215973
175 -0.13043622 -0.012335 0.215973
176 -0.13773612 -0.004335 0.215973
177 -0.12751626 -0.020335 0.215973
178 -0.13627614 -0.004335 0.215973
179 -0.12897624 -0.012335 0.215973
180 -0.13481616 -0.004335 0.215973
181 -0.12605628 -0.020335 0.215973
182 -0.12751626 -0.012335 0.215973
183 -0.13335618 -0.004335 0.215973
184 -0.1318962 -0.004335 0.215973
185 -0.1245963 -0.020335 0.215973
186 -0.12605628 -0.012335 0.215973
187 -0.13043622 -0.004335 0.215973
188 -0.1245963 -0.012335 0.215973
189 -0.12313632 -0.020335 0.215973
190 -0.12897624 -0.004335 0.215973
191 -0.146496 0.003665 0.215973
192 -0.14503602 0.003665 0.215973
193 -0.14357604 0.003665 0.215973
194 -0.14211606 0.003665 0.215973
195 -0.12313632 -0.012335 0.215973
196 -0.14065608 0.003665 0.215973
197 -0.12167634 -0.020335 0.215973
198 -0.12751626 -0.004335 0.215973
199 -0.1391961 0.003665 0.215973
200 -0.13773612 0.003665 0.215973
201 -0.12605628 -0.004335 0.215973
202 -0.12167634 -0.012335 0.215973
203 -0.13627614 0.003665 0.215973
204 -0.12021636 -0.020335 0.215973
205 -0.13481616 0.003665 0.215973
206 -0.1245963 -0.004335 0.215973
207 -0.13335618 0.003665 0.215973
208 -0.12021636 -0.012335 0.215973
209 -0.11875638 -0.020335 0.215973
210 -0.1318962 0.003665 0.215973
211 -0.12313632 -0.004335 0.215973
212 -0.11875638 -0.012335 0.215973
213 -0.13043622 0.003665 0.215973
214 -0.1172964 -0.020335 0.215973
215 -0.12167634 -0.004335 0.215973
216 -0.12897624 0.003665 0.215973
217 -0.1172964 -0.012335 0.215973
218 -0.12751626 0.003665 0.215973
219 -0.11583642 -0.020335 0.215973
220 -0.12021636 -0.004335 0.215973
221 -0.12605628 0.003665 0.215973
222 -0.11583642 -0.012335 0.215973
223 -0.146496 0.011665 0.215973
224 -0.11875638 -0.004335 0.215973
225 -0.14503602 0.011665 0.215973
226 -0.11437644 -0.020335 0.215973
227 -0.14357604 0.011665 0.215973
228 -0.14211606 0.011665 0.215973
229 -0.1245963 0.003665 0.215973
230 -0.14065608 0.011665 0.215973
231 -0.1391961 0.011665 0.215973
232 -0.11437644 -0.012335 0.215973
233 -0.13773612 0.011665 0.215973
234 -0.1172964 -0.004335 0.215973
235 -0.12313632 0.003665 0.215973
236 -0.11291646 -0.020335 0.215973
237 -0.13627614 0.011665 0.215973
238 -0.13481616 0.011665 0.215973
239 -0.11291646 -0.012335 0.215973
240 -0.12167634 0.003665 0.215973
241 -0.11583642 -0.004335 0.215973
242 -0.13335618 0.011665 0.215973
243 -0.11145648 -0.020335 0.215973
244 -0.1318962 0.011665 0.215973
245 -0.12021636 0.003665 0.215973
246 -0.13043622 0.011665 0.215973
247 -0.11437644 -0.004335 0.215973
248 -0.11145648 -0.012335 0.215973
249 -0.12897624 0.011665 0.215973
250 -0.1099965 -0.020335 0.215973
251 -0.11875638 0.003665 0.215973
252 -0.11291646 -0.004335 0.215973
253 -0.12751626 0.011665 0.215973
254 -0.1099965 -0.012335 0.215973
255 -0.1172964 0.003665 0.215973
256 -0.10853652 -0.020335 0.215973
257 -0.12605628 0.011665 0.215973
258 -0.11145648 -0.004335 0.215973
259 -0.1245963 0.011665 0.215973
260 -0.10853652 -0.012335 0.215973
261 -0.11583642 0.003665 0.215973
262 -0.10707654 -0.020335 0.215973
263 -0.12313632 0.011665 0.215973
264 -0.1099965 -0.004335 0.215973
265 -0.146496 0.019665 0.215973
266 -0.14503602 0.019665 0.215973
267 -0.11437644 0.003665 0.215973
268 -0.14357604 0.019665 0.215973
269 -0.10707654 -0.012335 0.215973
270 -0.14211606 0.019665 0.215973
271 -0.14065608 0.019665 0.215973
272 -0.12167634 0.011665 0.215973
273 -0.1391961 0.019665 0.215973
274 -0.10561656 -0.020335 0.215973
275 -0.13773612 0.019665 0.215973
276 -0.10853652 -0.004335 0.215973
277 -0.11291646 0.003665 0.215973
278 -0.13627614 0.019665 0.215973
279 -0.12021636 0.011665 0.215973
280 -0.10561656 -0.012335 0.215973
281 -0.13481616 0.019665 0.215973
282 -0.13335618 0.019665 0.215973
283 -0.10415658 -0.020335 0.215973
284 -0.11875638 0.011665 0.215973
285 -0.11145648 0.003665 0.215973
286 -0.10707654 -0.004335 0.215973
287 -0.1318962 0.019665 0.215973
288 -0.10415658 -0.012335 0.215973
289 -0.13043622 0.019665 0.215973
290 -0.1172964 0.011665 0.215973
291 -0.12897624 0.019665 0.215973
292 -0.1099965 0.003665 0.215973
293 -0.1026966 -0.020335 0.215973
294 -0.10561656 -0.004335 0.215973
295 -0.12751626 0.019665 0.215973
296 -0.11583642 0.011665 0.215973
297 -0.1026966 -0.012335 0.215973
298 -0.10853652 0.003665 0.215973
299 -0.12605628 0.019665 0.215973
300 -0.10123662 -0.020335 0.215973
301 -0.10415658 -0.004335 0.215973
302 -0.11437644 0.011665 0.215973
303 -0.1245963 0.019665 0.215973
304 -0.10123662 -0.012335 0.215973
305 -0.10707654 0.003665 0.215973
306 -0.12313632 0.019665 0.215973
307 -0.11291646 0.011665 0.215973
308 -0.1026966 -0.004335 0.215973
309 -0.09977664 -0.020335 0.215973
310 -0.12167634 0.019665 0.215973
311 -0.09977664 -0.012335 0.215973
312 -0.10561656 0.003665 0.215973
313 -0.11145648 0.011665 0.215973
314 -0.12021636 0.019665 0.215973
315 -0.10123662 -0.004335 0.215973
316 -0.09831666 -0.020335 0.215973
317 -0.1099965 0.011665 0.215973
318 -0.10415658 0.003665 0.215973
319 -0.11875638 0.019665 0.215973
320 -0.09831666 -0.012335 0.215973
321 -0.09977664 -0.004335 0.215973
322 -0.1172964 0.019665 0.215973
323 -0.09685668 -0.020335 0.215973
324 -0.10853652 0.011665 0.215973
325 -0.1026966 0.003665 0.215973
326 -0.09685668 -0.012335 0.215973
327 -0.11583642 0.019665 0.215973
328 -0.09831666 -0.004335 0.215973
329 -0.10707654 0.011665 0.215973
330 -0.0953967 -0.020335 0.215973
331 -0.10123662 0.003665 0.215973
332 -0.11437644 0.019665 0.215973
333 -0.0953967 -0.012335 0.215973
334 -0.10561656 0.011665 0.215973
335 -0.09685668 -0.004335 0.215973
336 -0.11291646 0.019665 0.215973
337 -0.09977664 0.003665 0.215973
338 -0.09393672 -0.020335 0.215973
339 -0.10415658 0.011665 0.215973
340 -0.09393672 -0.012335 0.215973
341 -0.11145648 0.019665 0.215973
342 -0.0953967 -0.004335 0.215973
343 -0.09831666 0.003665 0.215973
344 -0.09247674 -0.020335 0.215973
345 -0.1099965 0.019665 0.215973
346 -0.1026966 0.011665 0.215973
347 -0.09247674 -0.012335 0.215973
348 -0.09393672 -0.004335 0.215973
349 -0.09685668 0.003665 0.215973
350 -0.10853652 0.019665 0.215973
351 -0.10123662 0.011665 0.215973
352 -0.09101676 -0.020335 0.215973
353 -0.09101676 -0.012335 0.215973
354 -0.10707654 0.019665 0.215973
355 -0.09247674 -0.004335 0.215973
356 -0.0953967 0.003665 0.215973
357 -0.09977664 0.011665 0.215973
358 -0.08955678 -0.020335 0.215973
359 -0.10561656 0.019665 0.215973
360 -0.08955678 -0.012335 0.215973
361 -0.09101676 -0.004335 0.215973
362 -0.09393672 0.003665 0.215973
363 -0.09831666 0.011665 0.215973
364 -0.10415658 0.019665 0.215973
365 -0.0880968 -0.020335 0.215973
366 -0.0880968 -0.012335 0.215973
367 -0.09685668 0.011665 0.215973
368 -0.09247674 0.003665 0.215973
369 -0.08955678 -0.004335 0.215973
370 -0.1026966 0.019665 0.215973
371 -0.08663682 -0.020335 0.215973
372 -0.0953967 0.011665 0.215973
373 -0.08663682 -0.012335 0.215973
374 -0.10123662 0.019665 0.215973
375 -0.09101676 0.003665 0.215973
376 -0.0880968 -0.004335 0.215973
377 -0.08517684 -0.020335 0.215973
378 -0.09977664 0.019665 0.215973
379 -0.09393672 0.011665 0.215973
380 -0.08955678 0.003665 0.215973
381 -0.08517684 -0.012335 0.215973
382 -0.08663682 -0.004335 0.215973
383 -0.09831666 0.019665 0.215973
384 -0.08371686 -0.020335 0.215973
385 -0.09247674 0.011665 0.215973
386 -0.0880968 0.003665 0.215973
387 -0.08371686 -0.012335 0.215973
388 -0.08517684 -0.004335 0.215973
389 -0.09685668 0.019665 0.215973
390 -0.09101676 0.011665 0.215973
391 -0.08225688 -0.020335 0.215973
392 -0.08663682 0.003665 0.215973
393 -0.08225688 -0.012335 0.215973
394 -0.08371686 -0.004335 0.215973
395 -0.0953967 0.019665 0.215973
396 -0.08955678 0.011665 0.215973
397 -0.0807969 -0.020335 0.215973
398 -0.08517684 0.003665 0.215973
399 -0.09393672 0.019665 0.215973
400 -0.0807969 -0.012335 0.215973
401 -0.08225688 -0.004335 0.215973
402 -0.0880968 0.011665 0.215973
403 -0.07933692 -0.020335 0.215973
404 -0.08371686 0.003665 0.215973
405 -0.09247674 0.019665 0.215973
406 -0.0807969 -0.004335 0.215973
407 -0.07933692 -0.012335 0.215973
408 -0.08663682 0.011665 0.215973
409 -0.09101676 0.019665 0.215973
410 -0.08225688 0.003665 0.215973
411 -0.07787694 -0.020335 0.215973
412 -0.07933692 -0.004335 0.215973
413 -0.07787694 -0.012335 0.215973
414 -0.08517684 0.011665 0.215973
415 -0.08955678 0.019665 0.215973
416 -0.0807969 0.003665 0.215973
417 -0.07641696 -0.020335 0.215973
418 -0.07787694 -0.004335 0.215973
419 -0.08371686 0.011665 0.215973
420 -0.07641696 -0.012335 0.215973
421 -0.0880968 0.019665 0.215973
422 -0.07933692 0.003665 0.215973
423 -0.07495698 -0.020335 0.215973
424 -0.08225688 0.011665 0.215973
425 -0.07641696 -0.004335 0.215973
426 -0.07495698 -0.012335 0.215973
427 -0.08663682 0.019665 0.215973
428 -0.07787694 0.003665 0.215973
429 -0.073497 -0.020335 0.215973
430 -0.0807969 0.011665 0.215973
431 -0.08517684 0.019665 0.215973
432 -0.07495698 -0.004335 0.215973
433 -0.073497 -0.012335 0.215973
434 -0.07641696 0.003665 0.215973
435 -0.07933692 0.011665 0.215973
436 -0.08371686 0.019665 0.215973
437 -0.07203702 -0.020335 0.215973
438 -0.073497 -0.004335 0.215973
439 -0.07203702 -0.012335 0.215973
440 -0.07495698 0.003665 0.215973
441 -0.08225688 0.019665 0.215973
442 -0.07787694 0.011665 0.215973
443 -0.07057704 -0.020335 0.215973
444 -0.07203702 -0.004335 0.215973
445 -0.07057704 -0.012335 0.215973
446 -0.073497 0.003665 0.215973
447 -0.0807969 0.019665 0.215973
448 -0.07641696 0.011665 0.215973
449 -0.06911706 -0.020335 0.215973
450 -0.07057704 -0.004335 0.215973
451 -0.06911706 -0.012335 0.215973
452 -0.07933692 0.019665 0.215973
453 -0.07203702 0.003665 0.215973
454 -0.07495698 0.011665 0.215973
455 -0.06765708 -0.020335 0.215973
456 -0.06911706 -0.004335 0.215973
457 -0.06765708 -0.012335 0.215973
458 -0.07787694 0.019665 0.215973
459 -0.07057704 0.003665 0.215973
460 -0.073497 0.011665 0.215973
461 -0.0661971 -0.020335 0.215973
462 -0.06765708 -0.004335 0.215973
463 -0.07641696 0.019665 0.215973
464 -0.0661971 -0.012335 0.215973
465 -0.06911706 0.003665 0.215973
466 -0.07203702 0.011665 0.215973
467 -0.06473712 -0.020335 0.215973
468 -0.0661971 -0.004335 0.215973
469 -0.07495698 0.019665 0.215973
470 -0.06473712 -0.012335 0.215973
471 -0.07057704 0.011665 0.215973
472 -0.06765708 0.003665 0.215973
473 -0.06327714 -0.020335 0.215973
474 -0.073497 0.019665 0.215973
475 -0.06473712 -0.004335 0.215973
476 -0.06327714 -0.012335 0.215973
477 -0.06911706 0.011665 0.215973
478 -0.0661971 0.003665 0.215973
479 -0.07203702 0.019665 0.215973
480 -0.06181716 -0.020335 0.215973
481 -0.06327714 -0.004335 0.215973
482 -0.06181716 -0.012335 0.215973
483 -0.06765708 0.011665 0.215973
484 -0.06473712 0.003665 0.215973
485 -0.07057704 0.019665 0.215973
486 -0.06035718 -0.020335 0.215973
487 -0.06181716 -0.004335 0.215973
488 -0.0661971 0.011665 0.215973
489 -0.06035718 -0.012335 0.215973
490 -0.06327714 0.003665 0.215973
491 -0.06911706 0.019665 0.215973
492 -0.0588972 -0.020335 0.215973
493 -0.06035718 -0.004335 0.215973
494 -0.06473712 0.011665 0.215973
495 -0.0588972 -0.012335 0.215973
496 -0.06181716 0.003665 0.215973
497 -0.06765708 0.019665 0.215973
498 -0.0588972 -0.004335 0.215973
499 -0.05743722 -0.020335 0.215973
500 -0.06327714 0.011665 0.215973
501 -0.05743722 -0.012335 0.215973
502 -0.06035718 0.003665 0.215973
503 -0.0661971 0.019665 0.215973
504 -0.05743722 -0.004335 0.215973
505 -0.05597724 -0.020335 0.215973
506 -0.06181716 0.011665 0.215973
507 -0.0588972 0.003665 0.215973
508 -0.05597724 -0.012335 0.215973
509 -0.06473712 0.019665 0.215973
510 -0.06035718 0.011665 0.215973
511 -0.05597724 -0.004335 0.215973
512 -0.05451726 -0.020335 0.215973
513 -0.05743722 0.003665 0.215973
514 -0.05451726 -0.012335 0.215973
515 -0.06327714 0.019665 0.215973
516 -0.0588972 0.011665 0.215973
517 -0.05451726 -0.004335 0.215973
518 -0.05305728 -0.020335 0.215973
519 -0.05597724 0.003665 0.215973
520 -0.06181716 0.019665 0.215973
521 -0.05305728 -0.012335 0.215973
522 -0.05743722 0.011665 0.215973
523 -0.05305728 -0.004335 0.215973
524 -0.0515973 -0.020335 0.215973
525 -0.06035718 0.019665 0.215973
526 -0.05451726 0.003665 0.215973
527 -0.0515973 -0.012335 0.215973
528 -0.05597724 0.011665 0.215973
529 -0.0515973 -0.004335 0.215973
530 -0.0588972 0.019665 0.215973
531 -0.05013732 -0.020335 0.215973
532 -0.05305728 0.003665 0.215973
533 -0.05013732 -0.012335 0.215973
534 -0.05451726 0.011665 0.215973
535 -0.05743722 0.019665 0.215973
536 -0.05013732 -0.004335 0.215973
537 -0.04867734 -0.020335 0.215973
538 -0.0515973 0.003665 0.215973
539 -0.04867734 -0.012335 0.215973
540 -0.05305728 0.011665 0.215973
541 -0.05597724 0.019665 0.215973
542 -0.04867734 -0.004335 0.215973
543 -0.04721736 -0.020335 0.215973
544 -0.05013732 0.003665 0.215973
545 -0.04721736 -0.012335 0.215973
546 -0.0515973 0.011665 0.215973
547 -0.05451726 0.019665 0.215973
548 -0.04721736 -0.004335 0.215973
549 -0.04867734 0.003665 0.215973
550 -0.04575738 -0.020335 0.215973
551 -0.04575738 -0.012335 0.215973
552 -0.05013732 0.011665 0.215973
553 -0.05305728 0.019665 0.215973
554 -0.04575738 -0.004335 0.215973
555 -0.04721736 0.003665 0.215973
556 -0.0442974 -0.020335 0.215973
557 -0.0442974 -0.012335 0.215973
558 -0.04867734 0.011665 0.215973
559 -0.0515973 0.019665 0.215973
560 -0.0442974 -0.004335 0.215973
561 -0.04575738 0.003665 0.215973
562 -0.04283742 -0.020335 0.215973
563 -0.04283742 -0.012335 0.215973
564 -0.04721736 0.011665 0.215973
565 -0.05013732 0.019665 0.215973
566 -0.04283742 -0.004335 0.215973
567 -0.0442974 0.003665 0.215973
568 -0.04137744 -0.020335 0.215973
569 -0.04137744 -0.012335 0.215973
570 -0.04867734 0.019665 0.215973
571 -0.04575738 0.011665 0.215973
572 -0.04137744 -0.004335 0.215973
573 -0.04283742 0.003665 0.215973
574 -0.03991746 -0.020335 0.215973
575 -0.03991746 -0.012335 0.215973
576 -0.04721736 0.019665 0.215973
577 -0.0442974 0.011665 0.215973
578 -0.03991746 -0.004335 0.215973
579 -0.04137744 0.003665 0.215973
580 -0.03845748 -0.020335 0.215973
581 -0.03845748 -0.012335 0.215973
582 -0.04575738 0.019665 0.215973
583 -0.04283742 0.011665 0.215973
584 -0.03845748 -0.004335 0.215973
585 -0.03991746 0.003665 0.215973
586 -0.0369975 -0.020335 0.215973
587 -0.0442974 0.019665 0.215973
588 -0.0369975 -0.012335 0.215973
589 -0.04137744 0.011665 0.215973
590 -0.0369975 -0.004335 0.215973
591 -0.03845748 0.003665 0.215973
592 -0.03553752 -0.020335 0.215973
593 -0.04283742 0.019665 0.215973
594 -0.03553752 -0.012335 0.215973
595 -0.03991746 0.011665 0.215973
596 -0.0369975 0.003665 0.215973
597 -0.03553752 -0.004335 0.215973
598 -0.03407754 -0.020335 0.215973
599 -0.04137744 0.019665 0.215973
600 -0.03845748 0.011665 0.215973
601 -0.03407754 -0.012335 0.215973
602 -0.03553752 0.003665 0.215973
603 -0.03407754 -0.004335 0.215973
604 -0.03991746 0.019665 0.215973
605 -0.03261756 -0.020335 0.215973
606 -0.0369975 0.011665 0.215973
607 -0.03261756 -0.012335 0.215973
608 -0.03407754 0.003665 0.215973
609 -0.03261756 -0.004335 0.215973
610 -0.03845748 0.019665 0.215973
611 -0.03115758 -0.020335 0.215973
612 -0.03553752 0.011665 0.215973
613 -0.03115758 -0.012335 0.215973
614 -0.03261756 0.003665 0.215973
615 -0.03115758 -0.004335 0.215973
616 -0.0369975 0.019665 0.215973
617 -0.0296976 -0.020335 0.215973
618 -0.03407754 0.011665 0.215973
619 -0.0296976 -0.012335 0.215973
620 -0.03115758 0.003665 0.215973
621 -0.0296976 -0.004335 0.215973
622 -0.03553752 0.019665 0.215973
623 -0.02823762 -0.020335 0.215973
624 -0.03261756 0.011665 0.215973
625 -0.02823762 -0.012335 0.215973
626 -0.0296976 0.003665 0.215973
627 -0.03407754 0.019665 0.215973
628 -0.02823762 -0.004335 0.215973
629 -0.03115758 0.011665 0.215973
630 -0.02677764 -0.020335 0.215973
631 -0.02677764 -0.012335 0.215973
632 -0.02823762 0.003665 0.215973
633 -0.03261756 0.019665 0.215973
634 -0.02677764 -0.004335 0.215973
635 -0.0296976 0.011665 0.215973
636 -0.02531766 -0.020335 0.215973
637 -0.02531766 -0.012335 0.215973
638 -0.03115758 0.019665 0.215973
639 -0.02677764 0.003665 0.215973
640 -0.02531766 -0.004335 0.215973
641 -0.02823762 0.011665 0.215973
642 -0.02385768 -0.020335 0.215973
643 -0.02385768 -0.012335 0.215973
644 -0.0296976 0.019665 0.215973
645 -0.02531766 0.003665 0.215973
646 -0.02385768 -0.004335 0.215973
647 -0.02677764 0.011665 0.215973
648 -0.0223977 -0.020335 0.215973
649 -0.0223977 -0.012335 0.215973
650 -0.02823762 0.019665 0.215973
651 -0.02385768 0.003665 0.215973
652 -0.0223977 -0.004335 0.215973
653 -0.02531766 0.011665 0.215973
654 -0.02093772 -0.020335 0.215973
655 -0.02093772 -0.012335 0.215973
656 -0.02677764 0.019665 0.215973
657 -0.0223977 0.003665 0.215973
658 -0.02093772 -0.004335 0.215973
659 -0.02385768 0.011665 0.215973
660 -0.01947774 -0.020335 0.215973
661 -0.01947774 -0.012335 0.215973
662 -0.02531766 0.019665 0.215973
663 -0.02093772 0.003665 0.215973
664 -0.01947774 -0.004335 0.215973
665 -0.0223977 0.011665 0.215973
666 -0.01801776 -0.020335 0.215973
667 -0.01801776 -0.012335 0.215973
668 -0.02385768 0.019665 0.215973
669 -0.01947774 0.003665 0.215973
670 -0.01801776 -0.004335 0.215973
671 -0.02093772 0.011665 0.215973
672 -0.01655778 -0.020335 0.215973
673 -0.01655778 -0.012335 0.215973
674 -0.0223977 0.019665 0.215973
675 -0.01801776 0.003665 0.215973
676 -0.01655778 -0.004335 0.215973
677 -0.01947774 0.011665 0.215973
678 -0.0150978 -0.020335 0.215973
679 -0.0150978 -0.012335 0.215973
680 -0.02093772 0.019665 0.215973
681 -0.01655778 0.003665 0.215973
682 -0.0150978 -0.004335 0.215973
683 -0.01801776 0.011665 0.215973
684 -0.01363782 -0.020335 0.215973
685 -0.01363782 -0.012335 0.215973
686 -0.01947774 0.019665 0.215973
687 -0.0150978 0.003665 0.215973
688 -0.01363782 -0.004335 0.215973
689 -0.01655778 0.011665 0.215973
690 -0.01217784 -0.020335 0.215973
691 -0.01217784 -0.012335 0.215973
692 -0.01801776 0.019665 0.215973
693 -0.01363782 0.003665 0.215973
694 -0.0150978 0.011665 0.215973
695 -0.01217784 -0.004335 0.215973
696 -0.01071786 -0.020335 0.215973
697 -0.01655778 0.019665 0.215973
698 -0.01071786 -0.012335 0.215973
699 -0.01217784 0.003665 0.215973
700 -0.01363782 0.011665 0.215973
701 -0.01071786 -0.004335 0.215973
702 -0.00925788 -0.020335 0.215973
703 -0.0150978 0.019665 0.215973
704 -0.00925788 -0.012335 0.215973
705 -0.01071786 0.003665 0.215973
706 -0.01217784 0.011665 0.215973
707 -0.00925788 -0.004335 0.215973
708 -0.0077979 -0.020335 0.215973
709 -0.01363782 0.019665 0.215973
710 -0.0077979 -0.012335 0.215973
711 -0.00925788 0.003665 0.215973
712 -0.01071786 0.011665 0.215973
713 -0.0077979 -0.004335 0.215973
714 -0.01217784 0.019665 0.215973
715 -0.00633792 -0.020335 0.215973
716 -0.00633792 -0.012335 0.215973
717 -0.0077979 0.003665 0.215973
718 -0.00925788 0.011665 0.215973
719 -0.00633792 -0.004335 0.215973
720 -0.01071786 0.019665 0.215973
721 -0.00487794 -0.020335 0.215973
722 -0.00487794 -0.012335 0.215973
723 -0.00633792 0.003665 0.215973
724 -0.0077979 0.011665 0.215973
725 -0.00487794 -0.004335 0.215973
726 -0.00925788 0.019665 0.215973
727 -0.00341796 -0.020335 0.215973
728 -0.00341796 -0.012335 0.215973
729 -0.00487794 0.003665 0.215973
730 -0.00633792 0.011665 0.215973
731 -0.00341796 -0.004335 0.215973
732 -0.0077979 0.019665 0.215973
733 -0.00195798 -0.020335 0.215973
734 -0.00195798 -0.012335 0.215973
735 -0.00341796 0.003665 0.215973
736 -0.00487794 0.011665 0.215973
737 -0.00195798 -0.004335 0.215973
738 -0.00633792 0.019665 0.215973
739 -0.000498 -0.020335 0.215973
740 -0.000498 -0.012335 0.215973
741 -0.00195798 0.003665 0.215973
742 -0.00341796 0.011665 0.215973
743 -0.000498 -0.004335 0.215973
744 -0.00487794 0.019665 0.215973
745 0.00096198 -0.020335 0.215973
746 0.00096198 -0.012335 0.215973
747 -0.000498 0.003665 0.215973
748 -0.00195798 0.011665 0.215973
749 0.00096198 -0.004335 0.215973
750 -0.00341796 0.019665 0.215973
751 0.00242196 -0.020335 0.215973
752 0.00242196 -0.012335 0.215973
753 0.00096198 0.003665 0.215973
754 -0.000498 0.011665 0.215973
755 0.00242196 -0.004335 0.215973
756 -0.00195798 0.019665 0.215973
757 0.00388194 -0.020335 0.215973
758 0.00388194 -0.012335 0.215973
759 0.00242196 0.003665 0.215973
760 0.00096198 0.011665 0.215973
761 0.00388194 -0.004335 0.215973
762 -0.000498 0.019665 0.215973
763 0.00534192 -0.020335 0.215973
764 0.00534192 -0.012335 0.215973
765 0.00388194 0.003665 0.215973
766 0.00242196 0.011665 0.215973
767 0.00534192 -0.004335 0.215973
768 0.00096198 0.019665 0.215973
769 0.0068019 -0.020335 0.215973
770 0.0068019 -0.012335 0.215973
771 0.00534192 0.003665 0.215973
772 0.00388194 0.011665 0.215973
773 0.0068019 -0.004335 0.215973
774 0.00242196 0.019665 0.215973
775 0.00826188 -0.020335 0.215973
776 0.00826188 -0.012335 0.215973
777 0.0068019 0.003665 0.215973
778 0.00534192 0.011665 0.215973
779 0.00826188 -0.004335 0.215973
780 0.00388194 0.019665 0.215973
781 0.00972186 -0.020335 0.215973
782 0.00972186 -0.012335 0.215973
783 0.0068019 0.011665 0.215973
784 0.00826188 0.003665 0.215973
785 0.00534192 0.019665 0.215973
786 0.00972186 -0.004335 0.215973
787 0.01118184 -0.020335 0.215973
788 0.01118184 -0.012335 0.215973
789 0.00826188 0.011665 0.215973
790 0.00972186 0.003665 0.215973
791 0.0068019 0.019665 0.215973
792 0.01118184 -0.004335 0.215973
793 0.01264182 -0.020335 0.215973
794 0.01264182 -0.012335 0.215973
795 0.00972186 0.011665 0.215973
796 0.01118184 0.003665 0.215973
797 0.00826188 0.019665 0.215973
798 0.01264182 -0.004335 0.215973
799 0.0141018 -0.020335 0.215973
800 0.0141018 -0.012335 0.215973
801 0.01118184 0.011665 0.215973
802 0.01264182 0.003665 0.215973
803 0.00972186 0.019665 0.215973
804 0.0141018 -0.004335 0.215973
805 0.01556178 -0.020335 0.215973
806 0.01556178 -0.012335 0.215973
807 0.01264182 0.011665 0.215973
808 0.0141018 0.003665 0.215973
809 0.01118184 0.019665 0.215973
810 0.01556178 -0.004335 0.215973
811 0.01702176 -0.020335 0.215973
812 0.01702176 -0.012335 0.215973
813 0.0141018 0.011665 0.215973
814 0.01556178 0.003665 0.215973
815 0.01264182 0.019665 0.215973
816 0.01702176 -0.004335 0.215973
817 0.01848174 -0.020335 0.215973
818 0.01848174 -0.012335 0.215973
819 0.01556178 0.011665 0.215973
820 0.01702176 0.003665 0.215973
821 0.0141018 0.019665 0.215973
822 0.01848174 -0.004335 0.215973
823 0.01994172 -0.020335 0.215973
824 0.01702176 0.011665 0.215973
825 0.01994172 -0.012335 0.215973
826 0.01848174 0.003665 0.215973
827 0.01556178 0.019665 0.215973
828 0.01994172 -0.004335 0.215973
829 0.0214017 -0.020335 0.215973
830 0.01848174 0.011665 0.215973
831 0.0214017 -0.012335 0.215973
832 0.01994172 0.003665 0.215973
833 0.01702176 0.019665 0.215973
834 0.0214017 -0.004335 0.215973
835 0.02286168 -0.020335 0.215973
836 0.01994172 0.011665 0.215973
837 0.02286168 -0.012335 0.215973
838 0.0214017 0.003665 0.215973
839 0.01848174 0.019665 0.215973
840 0.02286168 -0.004335 0.215973
841 0.02432166 -0.020335 0.215973
842 0.0214017 0.011665 0.215973
843 0.02432166 -0.012335 0.215973
844 0.02286168 0.003665 0.215973
845 0.01994172 0.019665 0.215973
846 0.02432166 -0.004335 0.215973
847 0.02578164 -0.020335 0.215973
848 0.02286168 0.011665 0.215973
849 0.02578164 -0.012335 0.215973
850 0.02432166 0.003665 0.215973
851 0.0214017 0.019665 0.215973
852 0.02578164 -0.004335 0.215973
853 0.02724162 -0.020335 0.215973
854 0.02432166 0.011665 0.215973
855 0.02724162 -0.012335 0.215973
856 0.02578164 0.003665 0.215973
857 0.02286168 0.019665 0.215973
858 0.02724162 -0.004335 0.215973
859 0.0287016 -0.020335 0.215973
860 0.02578164 0.011665 0.215973
861 0.0287016 -0.012335 0.215973
862 0.02724162 0.003665 0.215973
863 0.02432166 0.019665 0.215973
864 0.0287016 -0.004335 0.215973
865 0.03016158 -0.020335 0.215973
866 0.02724162 0.011665 0.215973
867 0.0287016 0.003665 0.215973
868 0.03016158 -0.012335 0.215973
869 0.02578164 0.019665 0.215973
870 0.03016158 -0.004335 0.215973
871 0.0287016 0.011665 0.215973
872 0.03162156 -0.020335 0.215973
873 0.03016158 0.003665 0.215973
874 0.02724162 0.019665 0.215973
875 0.03162156 -0.012335 0.215973
876 0.03162156 -0.004335 0.215973
877 0.03016158 0.011665 0.215973
878 0.03308154 -0.020335 0.215973
879 0.0287016 0.019665 0.215973
880 0.03162156 0.003665 0.215973
881 0.03308154 -0.012335 0.215973
882 0.03308154 -0.004335 0.215973
883 0.03162156 0.011665 0.215973
884 0.03454152 -0.020335 0.215973
885 0.03016158 0.019665 0.215973
886 0.03308154 0.003665 0.215973
887 0.03454152 -0.012335 0.215973
888 0.03454152 -0.004335 0.215973
889 0.03308154 0.011665 0.215973
890 0.0360015 -0.020335 0.215973
891 0.03162156 0.019665 0.215973
892 0.03454152 0.003665 0.215973
893 0.0360015 -0.012335 0.215973
894 0.0360015 -0.004335 0.215973
895 0.03454152 0.011665 0.215973
896 0.03746148 -0.020335 0.215973
897 0.03308154 0.019665 0.215973
898 0.0360015 0.003665 0.215973
899 0.03746148 -0.012335 0.215973
900 0.03746148 -0.004335 0.215973
901 0.0360015 0.011665 0.215973
902 0.03454152 0.019665 0.215973
903 0.03892146 -0.020335 0.215973
904 0.03746148 0.003665 0.215973
905 0.03892146 -0.012335 0.215973
906 0.03892146 -0.004335 0.215973
907 0.03746148 0.011665 0.215973
908 0.0360015 0.019665 0.215973
909 0.04038144 -0.020335 0.215973
910 0.03892146 0.003665 0.215973
911 0.04038144 -0.012335 0.215973
912 0.04038144 -0.004335 0.215973
913 0.03892146 0.011665 0.215973
914 0.03746148 0.019665 0.215973
915 0.04184142 -0.020335 0.215973
916 0.04038144 0.003665 0.215973
917 0.04184142 -0.012335 0.215973
918 0.04184142 -0.004335 0.215973
919 0.04038144 0.011665 0.215973
920 0.03892146 0.019665 0.215973
921 0.0433014 -0.020335 0.215973
922 0.04184142 0.003665 0.215973
923 0.0433014 -0.012335 0.215973
924 0.0433014 -0.004335 0.215973
925 0.04184142 0.011665 0.215973
926 0.04038144 0.019665 0.215973
927 0.04476138 -0.020335 0.215973
928 0.0433014 0.003665 0.215973
929 0.04476138 -0.012335 0.215973
930 0.04476138 -0.004335 0.215973
931 0.0433014 0.011665 0.215973
932 0.04184142 0.019665 0.215973
933 0.04622136 -0.020335 0.215973
934 0.04476138 0.003665 0.215973
935 0.04622136 -0.012335 0.215973
936 0.04622136 -0.004335 0.215973
937 0.04476138 0.011665 0.215973
938 0.0433014 0.019665 0.215973
939 0.04768134 -0.020335 0.215973
940 0.04622136 0.003665 0.215973
941 0.04768134 -0.012335 0.215973
942 0.04768134 -0.004335 0.215973
943 0.04622136 0.011665 0.215973
944 0.04476138 0.019665 0.215973
945 0.04914132 -0.020335 0.215973
946 0.04768134 0.003665 0.215973
947 0.04914132 -0.012335 0.215973
948 0.04914132 -0.004335 0.215973
949 0.04768134 0.011665 0.215973
950 0.04622136 0.019665 0.215973
951 0.0506013 -0.020335 0.215973
952 0.04914132 0.003665 0.215973
953 0.0506013 -0.012335 0.215973
954 0.0506013 -0.004335 0.215973
955 0.04914132 0.011665 0.215973
956 0.04768134 0.019665 0.215973
957 0.0506013 0.003665 0.215973
958 0.05206128 -0.020335 0.215973
959 0.05206128 -0.012335 0.215973
960 0.05206128 -0.004335 0.215973
961 0.0506013 0.011665 0.215973
962 0.04914132 0.019665 0.215973
963 0.05206128 0.003665 0.215973
964 0.05352126 -0.020335 0.215973
965 0.05352126 -0.012335 0.215973
966 0.05352126 -0.004335 0.215973
967 0.0506013 0.019665 0.215973
968 0.05206128 0.011665 0.215973
969 0.05352126 0.003665 0.215973
970 0.05498124 -0.020335 0.215973
971 0.05498124 -0.012335 0.215973
972 0.05498124 -0.004335 0.215973
973 0.05206128 0.019665 0.215973
974 0.05352126 0.011665 0.215973
975 0.05498124 0.003665 0.215973
976 0.05644122 -0.020335 0.215973
977 0.05644122 -0.012335 0.215973
978 0.05644122 -0.004335 0.215973
979 0.05352126 0.019665 0.215973
980 0.05498124 0.011665 0.215973
981 0.05644122 0.003665 0.215973
982 0.0579012 -0.020335 0.215973
983 0.0579012 -0.012335 0.215973
984 0.0579012 -0.004335 0.215973
985 0.05498124 0.019665 0.215973
986 0.05644122 0.011665 0.215973
987 0.0579012 0.003665 0.215973
988 0.05936118 -0.020335 0.215973
989 0.05936118 -0.012335 0.215973
990 0.05936118 -0.004335 0.215973
991 0.05644122 0.019665 0.215973
992 0.0579012 0.011665 0.215973
993 0.05936118 0.003665 0.215973
994 0.06082116 -0.020335 0.215973
995 0.06082116 -0.012335 0.215973
996 0.06082116 -0.004335 0.215973
997 0.0579012 0.019665 0.215973
998 0.05936118 0.011665 0.215973
999 0.06082116 0.003665 0.215973
1000 0.06228114 -0.020335 0.215973
1001 0.06228114 -0.012335 0.215973
1002 0.06228114 -0.004335 0.215973
1003 0.05936118 0.019665 0.215973
1004 0.06082116 0.011665 0.215973
1005 0.06228114 0.003665 0.215973
1006 0.06374112 -0.020335 0.215973
1007 0.06374112 -0.012335 0.215973
1008 0.06374112 -0.004335 0.215973
1009 0.06082116 0.019665 0.215973
1010 0.06228114 0.011665 0.215973
1011 0.06374112 0.003665 0.215973
1012 0.0652011 -0.020335 0.215973
1013 0.0652011 -0.012335 0.215973
1014 0.0652011 -0.004335 0.215973
1015 0.06228114 0.019665 0.215973
1016 0.06374112 0.011665 0.215973
1017 0.0652011 0.003665 0.215973
1018 0.06666108 -0.020335 0.215973
1019 0.06666108 -0.012335 0.215973
1020 0.06666108 -0.004335 0.215973
1021 0.06374112 0.019665 0.215973
1022 0.0652011 0.011665 0.215973
1023 0.06666108 0.003665 0.215973
1024 0.06812106 -0.020335 0.215973
1025 0.06812106 -0.012335 0.215973
1026 0.06812106 -0.004335 0.215973
1027 0.0652011 0.019665 0.215973
1028 0.06666108 0.011665 0.215973
1029 0.06812106 0.003665 0.215973
1030 0.06958104 -0.020335 0.215973
1031 0.06958104 -0.012335 0.215973
1032 0.1455 -0.020335 0.019976
1033 0.1455 -0.012335 0.019976
1034 0.1455 -0.020335 0.0281425417
1035 0.06958104 -0.004335 0.215973
1036 0.1455 -0.012335 0.0281425417
1037 0.06666108 0.019665 0.215973
1038 0.06812106 0.011665 0.215973
1039 0.1455 -0.004335 0.019976
1040 0.1455 -0.020335 0.0363090833
1041 0.1455 -0.004335 0.0281425417
1042 0.1455 -0.012335 0.0363090833
1043 0.06958104 0.003665 0.215973
1044 0.07104102 -0.020335 0.215973
1045 0.1455 -0.004335 0.0363090833
1046 0.07104102 -0.012335 0.215973
1047 0.1455 0.003665 0.019976
1048 0.1455 -0.020335 0.044475625
1049 0.1455 0.003665 0.0281425417
1050 0.1455 -0.012335 0.044475625
1051 0.07104102 -0.004335 0.215973
1052 0.06812106 0.019665 0.215973
1053 0.1455 0.003665 0.0363090833
1054 0.1455 -0.004335 0.044475625
1055 0.06958104 0.011665 0.215973
1056 0.1455 0.011665 0.019976
1057 0.07104102 0.003665 0.215973
1058 0.1455 -0.020335 0.0526421667
1059 0.1455 0.011665 0.0281425417
1060 0.072501 -0.020335 0.215973
1061 0.1455 -0.012335 0.0526421667
1062 0.1455 0.003665 0.044475625
1063 0.072501 -0.012335 0.215973
1064 0.1455 0.011665 0.0363090833
1065 0.1455 -0.004335 0.0526421667
1066 0.072501 -0.004335 0.215973
1067 0.06958104 0.019665 0.215973
1068 0.07104102 0.011665 0.215973
1069 0.1455 0.019665 0.019976
1070 0.1455 0.011665 0.044475625
1071 0.1455 0.003665 0.0526421667
1072 0.1455 0.019665 0.0281425417
1073 0.1455 -0.020335 0.0608087083
1074 0.072501 0.003665 0.215973
1075 0.1455 -0.012335 0.0608087083
1076 0.07396098 -0.020335 0.215973
1077 0.07396098 -0.012335 0.215973
1078 0.1455 0.019665 0.0363090833
1079 0.1455 -0.004335 0.0608087083
1080 0.07396098 -0.004335 0.215973
1081 0.07104102 0.019665 0.215973
1082 0.1455 0.011665 0.0526421667
1083 0.072501 0.011665 0.215973
1084 0.1455 0.019665 0.044475625
1085 0.1455 0.003665 0.0608087083
1086 0.07396098 0.003665 0.215973
1087 0.07542096 -0.020335 0.215973
1088 0.1455 -0.020335 0.06897525
1089 0.07542096 -0.012335 0.215973
1090 0.1455 -0.012335 0.06897525
1091 0.07542096 -0.004335 0.215973
1092 0.1455 -0.004335 0.06897525
1093 0.1455 0.019665 0.0526421667
1094 0.1455 0.011665 0.0608087083
1095 0.072501 0.019665 0.215973
1096 0.07396098 0.011665 0.215973
1097 0.07542096 0.003665 0.215973
1098 0.1455 0.003665 0.06897525
1099 0.07688094 -0.020335 0.215973
1100 0.07688094 -0.012335 0.215973
1101 0.1455 0.019665 0.0608087083
1102 0.1455 -0.020335 0.0771417917
1103 0.07688094 -0.004335 0.215973
1104 0.1455 -0.012335 0.0771417917
1105 0.07396098 0.019665 0.215973
1106 0.07542096 0.011665 0.215973
1107 0.1455 0.011665 0.06897525
1108 0.1455 -0.004335 0.0771417917
1109 0.07688094 0.003665 0.215973
1110 0.07834092 -0.020335 0.215973
1111 0.07834092 -0.012335 0.215973
1112 0.1455 0.003665 0.0771417917
1113 0.07834092 -0.004335 0.215973
1114 0.07542096 0.019665 0.215973
1115 0.1455 0.019665 0.06897525
1116 0.07688094 0.011665 0.215973
1117 0.1455 -0.020335 0.0853083333
1118 0.07834092 0.003665 0.215973
1119 0.1455 0.011665 0.0771417917
1120 0.1455 -0.012335 0.0853083333
1121 0.0798009 -0.020335 0.215973
1122 0.0798009 -0.012335 0.215973
1123 0.1455 -0.004335 0.0853083333
1124 0.0798009 -0.004335 0.215973
1125 0.07688094 0.019665 0.215973
1126 0.07834092 0.011665 0.215973
1127 0.1455 0.003665 0.0853083333
1128 0.1455 0.019665 0.0771417917
1129 0.0798009 0.003665 0.215973
1130 0.08126088 -0.020335 0.215973
1131 0.08126088 -0.012335 0.215973
1132 0.08126088 -0.004335 0.215973
1133 0.1455 0.011665 0.0853083333
1134 0.07834092 0.019665 0.215973
1135 0.0798009 0.011665 0.215973
1136 0.1455 -0.020335 0.093474875
1137 0.1455 -0.012335 0.093474875
1138 0.08126088 0.003665 0.215973
1139 0.1455 -0.004335 0.093474875
1140 0.08272086 -0.020335 0.215973
1141 0.08272086 -0.012335 0.215973
1142 0.1455 0.019665 0.0853083333
1143 0.08272086 -0.004335 0.215973
1144 0.0798009 0.019665 0.215973
1145 0.1455 0.003665 0.093474875
1146 0.08126088 0.011665 0.215973
1147 0.08272086 0.003665 0.215973
1148 0.08418084 -0.020335 0.215973
1149 0.1455 0.011665 0.093474875
1150 0.08418084 -0.012335 0.215973
1151 0.08418084 -0.004335 0.215973
1152 0.08126088 0.019665 0.215973
1153 0.1455 -0.020335 0.101641417
1154 0.08272086 0.011665 0.215973
1155 0.1455 -0.012335 0.101641417
1156 0.1455 -0.004335 0.101641417
1157 0.08418084 0.003665 0.215973
1158 0.1455 0.019665 0.093474875
1159 0.08564082 -0.020335 0.215973
1160 0.08564082 -0.012335 0.215973
1161 0.1455 0.003665 0.101641417
1162 0.08272086 0.019665 0.215973
1163 0.08564082 -0.004335 0.215973
1164 0.08418084 0.011665 0.215973
1165 0.08564082 0.003665 0.215973
1166 0.1455 0.011665 0.101641417
1167 0.0871008 -0.020335 0.215973
1168 0.0871008 -0.012335 0.215973
1169 0.08418084 0.019665 0.215973
1170 0.0871008 -0.004335 0.215973
1171 0.08564082 0.011665 0.215973
1172 0.1455 -0.020335 0.109807958
1173 0.1455 -0.012335 0.109807958
1174 0.1455 0.019665 0.101641417
1175 0.0871008 0.003665 0.215973
1176 0.1455 -0.004335 0.109807958
1177 0.08856078 -0.020335 0.215973
1178 0.08856078 -0.012335 0.215973
1179 0.08564082 0.019665 0.215973
1180 0.1455 0.003665 0.109807958
1181 0.08856078 -0.004335 0.215973
1182 0.0871008 0.011665 0.215973
1183 0.08856078 0.003665 0.215973
1184 0.09002076 -0.020335 0.215973
1185 0.1455 0.011665 0.109807958
1186 0.09002076 -0.012335 0.215973
1187 0.0871008 0.019665 0.215973
1188 0.09002076 -0.004335 0.215973
1189 0.08856078 0.011665 0.215973
1190 0.1455 -0.020335 0.1179745
1191 0.1455 -0.012335 0.1179745
1192 0.09002076 0.003665 0.215973
1193 0.1455 0.019665 0.109807958
1194 0.09148074 -0.020335 0.215973
1195 0.09148074 -0.012335 0.215973
1196 0.1455 -0.004335 0.1179745
1197 0.08856078 0.019665 0.215973
1198 0.09148074 -0.004335 0.215973
1199 0.09002076 0.011665 0.215973
1200 0.1455 0.003665 0.1179745
1201 0.09148074 0.003665 0.215973
1202 0.09294072 -0.020335 0.215973
1203 0.09294072 -0.012335 0.215973
1204 0.1455 0.011665 0.1179745
1205 0.09002076 0.019665 0.215973
1206 0.09294072 -0.004335 0.215973
1207 0.09148074 0.011665 0.215973
1208 0.09294072 0.003665 0.215973
1209 0.0944007 -0.020335 0.215973
1210 0.1455 0.019665 0.1179745
1211 0.0944007 -0.012335 0.215973
1212 0.1455 -0.020335 0.126141042
1213 0.1455 -0.012335 0.126141042
1214 0.09148074 0.019665 0.215973
1215 0.0944007 -0.004335 0.215973
1216 0.09294072 0.011665 0.215973
1217 0.1455 -0.004335 0.126141042
1218 0.0944007 0.003665 0.215973
1219 0.1455 0.003665 0.126141042
1220 0.09586068 -0.020335 0.215973
1221 0.09586068 -0.012335 0.215973
1222 0.09294072 0.019665 0.215973
1223 0.09586068 -0.004335 0.215973
1224 0.0944007 0.011665 0.215973
1225 0.1455 0.011665 0.126141042
1226 0.09586068 0.003665 0.215973
1227 0.09732066 -0.020335 0.215973
1228 0.09732066 -0.012335 0.215973
1229 0.0944007 0.019665 0.215973
1230 0.09732066 -0.004335 0.215973
1231 0.1455 0.019665 0.126141042
1232 0.09586068 0.011665 0.215973
1233 0.1455 -0.020335 0.134307583
1234 0.1455 -0.012335 0.134307583
1235 0.09732066 0.003665 0.215973
1236 0.09878064 -0.020335 0.215973
1237 0.1455 -0.004335 0.134307583
1238 0.09878064 -0.012335 0.215973
1239 0.09586068 0.019665 0.215973
1240 0.09878064 -0.004335 0.215973
1241 0.09732066 0.011665 0.215973
1242 0.1455 0.003665 0.134307583
1243 0.09878064 0.003665 0.215973
1244 0.10024062 -0.020335 0.215973
1245 0.1455 0.011665 0.134307583
1246 0.10024062 -0.012335 0.215973
1247 0.09732066 0.019665 0.215973
1248 0.10024062 -0.004335 0.215973
1249 0.09878064 0.011665 0.215973
1250 0.10024062 0.003665 0.215973
1251 0.1455 0.019665 0.134307583
1252 0.1017006 -0.020335 0.215973
1253 0.1017006 -0.012335 0.215973
1254 0.09878064 0.019665 0.215973
1255 0.1455 -0.020335 0.142474125
1256 0.1017006 -0.004335 0.215973
1257 0.10024062 0.011665 0.215973
1258 0.1455 -0.012335 0.142474125
1259 0.1455 -0.004335 0.142474125
1260 0.1017006 0.003665 0.215973
1261 0.10316058 -0.020335 0.215973
1262 0.10316058 -0.012335 0.215973
1263 0.1455 0.003665 0.142474125
1264 0.10024062 0.019665 0.215973
1265 0.10316058 -0.004335 0.215973
1266 0.1017006 0.011665 0.215973
1267 0.1455 0.011665 0.142474125
1268 0.10316058 0.003665 0.215973
1269 0.10462056 -0.020335 0.215973
1270 0.10462056 -0.012335 0.215973
1271 0.1017006 0.019665 0.215973
1272 0.10462056 -0.004335 0.215973
1273 0.10316058 0.011665 0.215973
1274 0.1455 0.019665 0.142474125
1275 0.10462056 0.003665 0.215973
1276 0.10608054 -0.020335 0.215973
1277 0.10608054 -0.012335 0.215973
1278 0.1455 -0.020335 0.150640667
1279 0.10316058 0.019665 0.215973
1280 0.1455 -0.012335 0.150640667
1281 0.10608054 -0.004335 0.215973
1282 0.10462056 0.011665 0.215973
1283 0.1455 -0.004335 0.150640667
1284 0.10608054 0.003665 0.215973
1285 0.1455 0.003665 0.150640667
1286 0.10754052 -0.020335 0.215973
1287 0.10754052 -0.012335 0.215973
1288 0.10462056 0.019665 0.215973
1289 0.10754052 -0.004335 0.215973
1290 0.10608054 0.011665 0.215973
1291 0.1455 0.011665 0.150640667
1292 0.10754052 0.003665 0.215973
1293 0.1090005 -0.020335 0.215973
1294 0.1090005 -0.012335 0.215973
1295 0.10608054 0.019665 0.215973
1296 0.1455 0.019665 0.150640667
1297 0.1090005 -0.004335 0.215973
1298 0.10754052 0.011665 0.215973
1299 0.1090005 0.003665 0.215973
1300 0.11046048 -0.020335 0.215973
1301 0.11046048 -0.012335 0.215973
1302 0.1455 -0.020335 0.158807208
1303 0.10754052 0.019665 0.215973
1304 0.1455 -0.012335 0.158807208
1305 0.11046048 -0.004335 0.215973
1306 0.1090005 0.011665 0.215973
1307 0.1455 -0.004335 0.158807208
1308 0.11046048 0.003665 0.215973
1309 0.1455 0.003665 0.158807208
1310 0.11192046 -0.020335 0.215973
1311 0.11192046 -0.012335 0.215973
1312 0.1090005 0.019665 0.215973
1313 0.11192046 -0.004335 0.215973
1314 0.11046048 0.011665 0.215973
1315 0.1455 0.011665 0.158807208
1316 0.11192046 0.003665 0.215973
1317 0.11338044 -0.020335 0.215973
1318 0.11338044 -0.012335 0.215973
1319 0.11046048 0.019665 0.215973
1320 0.1455 0.019665 0.158807208
1321 0.11338044 -0.004335 0.215973
1322 0.11192046 0.011665 0.215973
1323 0.11338044 0.003665 0.215973
1324 0.11484042 -0.020335 0.215973
1325 0.11484042 -0.012335 0.215973
1326 0.11192046 0.019665 0.215973
1327 0.1455 -0.020335 0.16697375
1328 0.1455 -0.012335 0.16697375
1329 0.11484042 -0.004335 0.215973
1330 0.11338044 0.011665 0.215973
1331 0.1455 -0.004335 0.16697375
1332 0.11484042 0.003665 0.215973
1333 0.1455 0.003665 0.16697375
1334 0.1163004 -0.020335 0.215973
1335 0.1163004 -0.012335 0.215973
1336 0.11338044 0.019665 0.215973
1337 0.1163004 -0.004335 0.215973
1338 0.11484042 0.011665 0.215973
1339 0.1455 0.011665 0.16697375
1340 0.1163004 0.003665 0.215973
1341 0.11776038 -0.020335 0.215973
1342 0.11776038 -0.012335 0.215973
1343 0.11484042 0.019665 0.215973
1344 0.1455 0.019665 0.16697375
1345 0.1163004 0.011665 0.215973
1346 0.11776038 -0.004335 0.215973
1347 0.11776038 0.003665 0.215973
1348 0.11922036 -0.020335 0.215973
1349 0.1163004 0.019665 0.215973
1350 0.11922036 -0.012335 0.215973
1351 0.11776038 0.011665 0.215973
1352 0.11922036 -0.004335 0.215973
1353 0.1455 -0.020335 0.175140292
1354 0.1455 -0.012335 0.175140292
1355 0.1455 -0.004335 0.175140292
1356 0.11922036 0.003665 0.215973
1357 0.12068034 -0.020335 0.215973
1358 0.11776038 0.019665 0.215973
1359 0.12068034 -0.012335 0.215973
1360 0.1455 0.003665 0.175140292
1361 0.11922036 0.011665 0.215973
1362 0.12068034 -0.004335 0.215973
1363 0.1455 0.011665 0.175140292
1364 0.12068034 0.003665 0.215973
1365 0.12214032 -0.020335 0.215973
1366 0.11922036 0.019665 0.215973
1367 0.12214032 -0.012335 0.215973
1368 0.12068034 0.011665 0.215973
1369 0.12214032 -0.004335 0.215973
1370 0.1455 0.019665 0.175140292
1371 0.12214032 0.003665 0.215973
1372 0.1236003 -0.020335 0.215973
1373 0.12068034 0.019665 0.215973
1374 0.1236003 -0.012335 0.215973
1375 0.12214032 0.011665 0.215973
1376 0.1236003 -0.004335 0.215973
1377 0.1455 -0.020335 0.183306833
1378 0.1236003 0.003665 0.215973
1379 0.1455 -0.012335 0.183306833
1380 0.12506028 -0.020335 0.215973
1381 0.12214032 0.019665 0.215973
1382 0.1455 -0.004335 0.183306833
1383 0.12506028 -0.012335 0.215973
1384 0.1236003 0.011665 0.215973
1385 0.12506028 -0.004335 0.215973
1386 0.1455 0.003665 0.183306833
1387 0.12506028 0.003665 0.215973
1388 0.12652026 -0.020335 0.215973
1389 0.1455 0.011665 0.183306833
1390 0.1236003 0.019665 0.215973
1391 0.12652026 -0.012335 0.215973
1392 0.12506028 0.011665 0.215973
1393 0.12652026 -0.004335 0.215973
1394 0.12652026 0.003665 0.215973
1395 0.1455 0.019665 0.183306833
1396 0.12798024 -0.020335 0.215973
1397 0.12506028 0.019665 0.215973
1398 0.12798024 -0.012335 0.215973
1399 0.12652026 0.011665 0.215973
1400 0.12798024 -0.004335 0.215973
1401 0.12798024 0.003665 0.215973
1402 0.12652026 0.019665 0.215973
1403 0.12944022 -0.020335 0.215973
1404 0.12944022 -0.012335 0.215973
1405 0.1455 -0.020335 0.191473375
1406 0.1455 -0.012335 0.191473375
1407 0.12798024 0.011665 0.215973
1408 0.12944022 -0.004335 0.215973
1409 0.1455 -0.004335 0.191473375
1410 0.12944022 0.003665 0.215973
1411 0.1455 0.003665 0.191473375
1412 0.12798024 0.019665 0.215973
1413 0.1309002 -0.020335 0.215973
1414 0.1309002 -0.012335 0.215973
1415 0.12944022 0.011665 0.215973
1416 0.1309002 -0.004335 0.215973
1417 0.1455 0.011665 0.191473375
1418 0.1309002 0.003665 0.215973
1419 0.12944022 0.019665 0.215973
1420 0.13236018 -0.020335 0.215973
1421 0.13236018 -0.012335 0.215973
1422 0.1455 0.019665 0.191473375
1423 0.1309002 0.011665 0.215973
1424 0.13236018 -0.004335 0.215973
1425 0.13236018 0.003665 0.215973
1426 0.1309002 0.019665 0.215973
1427 0.13382016 -0.020335 0.215973
1428 0.13382016 -0.012335 0.215973
1429 0.13236018 0.011665 0.215973
1430 0.13382016 -0.004335 0.215973
1431 0.1455 -0.020335 0.199639917
1432 0.13382016 0.003665 0.215973
1433 0.1455 -0.012335 0.199639917
1434 0.13236018 0.019665 0.215973
1435 0.1455 -0.004335 0.199639917
1436 0.13528014 -0.020335 0.215973
1437 0.13528014 -0.012335 0.215973
1438 0.13382016 0.011665 0.215973
1439 0.13528014 -0.004335 0.215973
1440 0.1455 0.003665 0.199639917
1441 0.13528014 0.003665 0.215973
1442 0.1455 0.011665 0.199639917
1443 0.13382016 0.019665 0.215973
1444 0.13674012 -0.020335 0.215973
1445 0.13674012 -0.012335 0.215973
1446 0.13528014 0.011665 0.215973
1447 0.13674012 -0.004335 0.215973
1448 0.1455 0.019665 0.199639917
1449 0.13674012 0.003665 0.215973
1450 0.13528014 0.019665 0.215973
1451 0.1382001 -0.020335 0.215973
1452 0.1382001 -0.012335 0.215973
1453 0.13674012 0.011665 0.215973
1454 0.1382001 -0.004335 0.215973
1455 0.1382001 0.003665 0.215973
1456 0.13674012 0.019665 0.215973
1457 0.13966008 -0.020335 0.215973
1458 0.13966008 -0.012335 0.215973
1459 0.1382001 0.011665 0.215973
1460 0.1455 -0.020335 0.207806458
1461 0.13966008 -0.004335 0.215973
1462 0.1455 -0.012335 0.207806458
1463 0.1455 -0.004335 0.207806458
1464 0.13966008 0.003665 0.215973
1465 0.1382001 0.019665 0.215973
1466 0.1455 0.003665 0.207806458
1467 0.14112006 -0.020335 0.215973
1468 0.14112006 -0.012335 0.215973
1469 0.13966008 0.011665 0.215973
1470 0.14112006 -0.004335 0.215973
1471 0.1455 0.011665 0.207806458
1472 0.14112006 0.003665 0.215973
1473 0.13966008 0.019665 0.215973
1474 0.14258004 -0.020335 0.215973
1475 0.14258004 -0.012335 0.215973
1476 0.1455 0.019665 0.207806458
1477 0.14112006 0.011665 0.215973
1478 0.14258004 -0.004335 0.215973
1479 0.14258004 0.003665 0.215973
1480 0.14112006 0.019665 0.215973
1481 0.14404002 -0.020335 0.215973
1482 0.14404002 -0.012335 0.215973
1483 0.14258004 0.011665 0.215973
1484 0.14404002 -0.004335 0.215973
1485 0.14404002 0.003665 0.215973
1486 0.14258004 0.019665 0.215973
1487 0.1455 -0.020335 0.215973
1488 0.1455 -0.012335 0.215973
1489 0.14404002 0.011665 0.215973
1490 0.1455 -0.004335 0.215973
1491 0.1455 0.003665 0.215973
1492 0.14404002 0.019665 0.215973
1493 0.1455 0.011665 0.215973
1494 0.1455 0.019665 0.215973
End Coordinates
Elements
1 1
2 2
5 5
10 10
16 16
23 23
1032 1032
1033 1033
1039 1039
1047 1047
1056 1056
1069 1069
End Elements
MESH "Mesh_1" dimension 3 ElemType Triangle Nnode 3
Unit "m"
Coordinates
End Coordinates
Elements
1 16 18 23
2 18 26 23
3 10 12 16
4 12 18 16
5 5 7 10
6 7 12 10
7 2 4 5
8 4 7 5
9 1 3 2
10 3 4 2
11 18 21 26
12 21 29 26
13 12 14 18
14 14 21 18
15 7 9 12
16 9 14 12
17 4 8 7
18 8 9 7
19 3 6 4
20 6 8 4
21 21 24 29
22 24 32 29
23 14 20 21
24 20 24 21
25 9 15 14
26 15 20 14
27 8 13 9
28 13 15 9
29 6 11 8
30 11 13 8
31 24 31 32
32 31 37 32
33 20 25 24
34 25 31 24
35 15 22 20
36 22 25 20
37 13 19 15
38 19 22 15
39 11 17 13
40 17 19 13
41 31 38 37
42 38 40 37
43 25 33 31
44 33 38 31
45 22 30 25
46 30 33 25
47 19 28 22
48 28 30 22
49 17 27 19
50 27 28 19
51 38 43 40
52 43 46 40
53 33 39 38
54 39 43 38
55 30 36 33
56 36 39 33
57 28 35 30
58 35 36 30
59 27 34 28
60 34 35 28
61 43 48 46
62 48 52 46
63 39 45 43
64 45 48 43
65 36 44 39
66 44 45 39
67 35 42 36
68 42 44 36
69 34 41 35
70 41 42 35
71 48 53 52
72 53 57 52
73 45 51 48
74 51 53 48
75 44 50 45
76 50 51 45
77 42 49 44
78 49 50 44
79 41 47 42
80 47 49 42
81 53 59 57
82 59 63 57
83 51 58 53
84 58 59 53
85 50 56 51
86 56 58 51
87 49 55 50
88 55 56 50
89 47 54 49
90 54 55 49
91 59 65 63
92 65 68 63
93 58 64 59
94 64 65 59
95 56 62 58
96 62 64 58
97 55 61 56
98 61 62 56
99 54 60 55
100 60 61 55
101 65 71 68
102 71 74 68
103 64 70 65
104 70 71 65
105 62 69 64
106 69 70 64
107 61 67 62
108 67 69 62
109 60 66 61
110 66 67 61
111 71 77 74
112 77 78 74
113 70 76 71
114 76 77 71
115 69 75 70
116 75 76 70
117 67 73 69
118 73 75 69
119 66 72 67
120 72 73 67
121 77 83 78
122 83 84 78
123 76 82 77
124 82 83 77
125 75 81 76
126 81 82 76
127 73 80 75
128 80 81 75
129 72 79 73
130 79 80 73
131 83 89 84
132 89 90 84
133 82 88 83
134 88 89 83
135 81 87 82
136 87 88 82
137 80 86 81
138 86 87 81
139 79 85 80
140 85 86 80
141 89 95 90
142 95 96 90
143 88 94 89
144 94 95 89
145 87 93 88
146 93 94 88
147 86 92 87
148 92 93 87
149 85 91 86
150 91 92 86
151 95 101 96
152 101 102 96
153 94 100 95
154 100 101 95
155 93 99 94
156 99 100 94
157 92 98 93
158 98 99 93
159 91 97 92
160 97 98 92
161 101 107 102
162 107 108 102
163 100 106 101
164 106 107 101
165 99 105 100
166 105 106 100
167 98 104 99
168 104 105 99
169 97 103 98
170 103 104 98
171 107 113 108
172 113 114 108
173 106 112 107
174 112 113 107
175 105 111 106
176 111 112 106
177 104 110 105
178 110 111 105
179 103 109 104
180 109 110 104
181 113 119 114
182 119 120 114
183 112 118 113
184 118 119 113
185 111 117 112
186 117 118 112
187 110 116 111
188 116 117 111
189 109 115 110
190 115 116 110
191 119 125 120
192 125 126 120
193 118 124 119
194 124 125 119
195 117 123 118
196 123 124 118
197 116 122 117
198 122 123 117
199 115 121 116
200 121 122 116
201 125 131 126
202 131 132 126
203 124 130 125
204 130 131 125
205 123 129 124
206 129 130 124
207 122 128 123
208 128 129 123
209 121 127 122
210 127 128 122
211 131 137 132
212 137 138 132
213 130 136 131
214 136 137 131
215 129 135 130
216 135 136 130
217 128 134 129
218 134 135 129
219 127 133 128
220 133 134 128
221 137 143 138
222 143 144 138
223 136 142 137
224 142 143 137
225 135 141 136
226 141 142 136
227 134 140 135
228 140 141 135
229 133 139 134
230 139 140 134
231 143 223 144
232 223 265 144
233 142 191 143
234 191 223 143
235 141 166 142
236 166 191 142
237 140 151 141
238 151 166 141
239 139 145 140
240 145 151 140
241 1033 1036 1032
242 1036 1034 1032
243 1039 1041 1033
244 1041 1036 1033
245 1047 1049 1039
246 1049 1041 1039
247 1056 1059 1047
248 1059 1049 1047
249 1069 1072 1056
250 1072 1059 1056
251 1036 1042 1034
252 1042 1040 1034
253 1041 1045 1036
254 1045 1042 1036
255 1049 1053 1041
256 1053 1045 1041
257 1059 1064 1049
258 1064 1053 1049
259 1072 1078 1059
260 1078 1064 1059
261 1042 1050 1040
262 1050 1048 1040
263 1045 1054 1042
264 1054 1050 1042
265 1053 1062 1045
266 1062 1054 1045
267 1064 1070 1053
268 1070 1062 1053
269 1078 1084 1064
270 1084 1070 1064
271 1050 1061 1048
272 1061 1058 1048
273 1054 1065 1050
274 1065 1061 1050
275 1062 1071 1054
276 1071 1065 1054
277 1070 1082 1062
278 1082 1071 1062
279 1084 1093 1070
280 1093 1082 1070
281 1061 1075 1058
282 1075 1073 1058
283 1065 1079 1061
284 1079 1075 1061
285 1071 1085 1065
286 1085 1079 1065
287 1082 1094 1071
288 1094 1085 1071
289 1093 1101 1082
290 1101 1094 1082
291 1075 1090 1073
292 1090 1088 1073
293 1079 1092 1075
294 1092 1090 1075
295 1085 1098 1079
296 1098 1092 1079
297 1094 1107 1085
298 1107 1098 1085
299 1101 1115 1094
300 1115 1107 1094
301 1090 1104 1088
302 1104 1102 1088
303 1092 1108 1090
304 1108 1104 1090
305 1098 1112 1092
306 1112 1108 1092
307 1107 1119 1098
308 1119 1112 1098
309 1115 1128 1107
310 1128 1119 1107
311 1104 1120 1102
312 1120 1117 1102
313 1108 1123 1104
314 1123 1120 1104
315 1112 1127 1108
316 1127 1123 1108
317 1119 1133 1112
318 1133 1127 1112
319 1128 1142 1119
320 1142 1133 1119
321 1120 1137 1117
322 1137 1136 1117
323 1123 1139 1120
324 1139 1137 1120
325 1127 1145 1123
326 1145 1139 1123
327 1133 1149 1127
328 1149 1145 1127
329 1142 1158 1133
330 1158 1149 1133
331 1137 1155 1136
332 1155 1153 1136
333 1139 1156 1137
334 1156 1155 1137
335 1145 1161 1139
336 1161 1156 1139
337 1149 1166 1145
338 1166 1161 1145
339 1158 1174 1149
340 1174 1166 1149
341 1155 1173 1153
342 1173 1172 1153
343 1156 1176 1155
344 1176 1173 1155
345 1161 1180 1156
346 1180 1176 1156
347 1166 1185 1161
348 1185 1180 1161
349 1174 1193 1166
350 1193 1185 1166
351 1173 1191 1172
352 1191 1190 1172
353 1176 1196 1173
354 1196 1191 1173
355 1180 1200 1176
356 1200 1196 1176
357 1185 1204 1180
358 1204 1200 1180
359 1193 1210 1185
360 1210 1204 1185
361 1191 1213 1190
362 1213 1212 1190
363 1196 1217 1191
364 1217 1213 1191
365 1200 1219 1196
366 1219 1217 1196
367 1204 1225 1200
368 1225 1219 1200
369 1210 1231 1204
370 1231 1225 1204
371 1213 1234 1212
372 1234 1233 1212
373 1217 1237 1213
374 1237 1234 1213
375 1219 1242 1217
376 1242 1237 1217
377 1225 1245 1219
378 1245 1242 1219
379 1231 1251 1225
380 1251 1245 1225
381 1234 1258 1233
382 1258 1255 1233
383 1237 1259 1234
384 1259 1258 1234
385 1242 1263 1237
386 1263 1259 1237
387 1245 1267 1242
388 1267 1263 1242
389 1251 1274 1245
390 1274 1267 1245
391 1258 1280 1255
392 1280 1278 1255
393 1259 1283 1258
394 1283 1280 1258
395 1263 1285 1259
396 1285 1283 1259
397 1267 1291 1263
398 1291 1285 1263
399 1274 1296 1267
400 1296 1291 1267
401 1280 1304 1278
402 1304 1302 1278
403 1283 1307 1280
404 1307 1304 1280
405 1285 1309 1283
406 1309 1307 1283
407 1291 1315 1285
408 1315 1309 1285
409 1296 1320 1291
410 1320 1315 1291
411 1304 1328 1302
412 1328 1327 1302
413 1307 1331 1304
414 1331 1328 1304
415 1309 1333 1307
416 1333 1331 1307
417 1315 1339 1309
418 1339 1333 1309
419 1320 1344 1315
420 1344 1339 1315
421 1328 1354 1327
422 1354 1353 1327
423 1331 1355 1328
424 1355 1354 1328
425 1333 1360 1331
426 1360 1355 1331
427 1339 1363 1333
428 1363 1360 1333
429 1344 1370 1339
430 1370 1363 1339
431 1354 1379 1353
432 1379 1377 1353
433 1355 1382 1354
434 1382 1379 1354
435 1360 1386 1355
436 1386 1382 1355
437 1363 1389 1360
438 1389 1386 1360
439 1370 1395 1363
440 1395 1389 1363
441 1379 1406 1377
442 1406 1405 1377
443 1382 1409 1379
444 1409 1406 1379
445 1386 1411 1382
446 1411 1409 1382
447 1389 1417 1386
448 1417 1411 1386
449 1395 1422 1389
450 1422 1417 1389
451 1406 1433 1405
452 1433 1431 1405
453 1409 1435 1406
454 1435 1433 1406
455 1411 1440 1409
456 1440 1435 1409
457 1417 1442 1411
458 1442 1440 1411
459 1422 1448 1417
460 1448 1442 1417
461 1433 1462 1431
462 1462 1460 1431
463 1435 1463 1433
464 1463 1462 1433
465 1440 1466 1435
466 1466 1463 1435
467 1442 1471 1440
468 1471 1466 1440
469 1448 1476 1442
470 1476 1471 1442
471 1462 1488 1460
472 1488 1487 1460
473 1463 1490 1462
474 1490 1488 1462
475 1466 1491 1463
476 1491 1490 1463
477 1471 1493 1466
478 1493 1491 1466
479 1476 1494 1471
480 1494 1493 1471
481 223 225 265
482 225 266 265
483 191 192 223
484 192 225 223
485 166 168 191
486 168 192 191
487 151 152 166
488 152 168 166
489 145 146 151
490 146 152 151
491 225 227 266
492 227 268 266
493 192 193 225
494 193 227 225
495 168 169 192
496 169 193 192
497 152 153 168
498 153 169 168
499 146 147 152
500 147 153 152
501 227 228 268
502 228 270 268
503 193 194 227
504 194 228 227
505 169 170 193
506 170 194 193
507 153 155 169
508 155 170 169
509 147 148 153
510 148 155 153
511 228 230 270
512 230 271 270
513 194 196 228
514 196 230 228
515 170 172 194
516 172 196 194
517 155 156 170
518 156 172 170
519 148 149 155
520 149 156 155
521 230 231 271
522 231 273 271
523 196 199 230
524 199 231 230
525 172 174 196
526 174 199 196
527 156 158 172
528 158 174 172
529 149 150 156
530 150 158 156
531 231 233 273
532 233 275 273
533 199 200 231
534 200 233 231
535 174 176 199
536 176 200 199
537 158 160 174
538 160 176 174
539 150 154 158
540 154 160 158
541 233 237 275
542 237 278 275
543 200 203 233
544 203 237 233
545 176 178 200
546 178 203 200
547 160 161 176
548 161 178 176
549 154 157 160
550 157 161 160
551 237 238 278
552 238 281 278
553 203 205 237
554 205 238 237
555 178 180 203
556 180 205 203
557 161 163 178
558 163 180 178
559 157 159 161
560 159 163 161
561 238 242 281
562 242 282 281
563 205 207 238
564 207 242 238
565 180 183 205
566 183 207 205
567 163 165 180
568 165 183 180
569 159 162 163
570 162 165 163
571 242 244 282
572 244 287 282
573 207 210 242
574 210 244 242
575 183 184 207
576 184 210 207
577 165 171 183
578 171 184 183
579 162 164 165
580 164 171 165
581 244 246 287
582 246 289 287
583 210 213 244
584 213 246 244
585 184 187 210
586 187 213 210
587 171 175 184
588 175 187 184
589 164 167 171
590 167 175 171
591 246 249 289
592 249 291 289
593 213 216 246
594 216 249 246
595 187 190 213
596 190 216 213
597 175 179 187
598 179 190 187
599 167 173 175
600 173 179 175
601 249 253 291
602 253 295 291
603 216 218 249
604 218 253 249
605 190 198 216
606 198 218 216
607 179 182 190
608 182 198 190
609 173 177 179
610 177 182 179
611 253 257 295
612 257 299 295
613 218 221 253
614 221 257 253
615 198 201 218
616 201 221 218
617 182 186 198
618 186 201 198
619 177 181 182
620 181 186 182
621 257 259 299
622 259 303 299
623 221 229 257
624 229 259 257
625 201 206 221
626 206 229 221
627 186 188 201
628 188 206 201
629 181 185 186
630 185 188 186
631 259 263 303
632 263 306 303
633 229 235 259
634 235 263 259
635 206 211 229
636 211 235 229
637 188 195 206
638 195 211 206
639 185 189 188
640 189 195 188
641 263 272 306
642 272 310 306
643 235 240 263
644 240 272 263
645 211 215 235
646 215 240 235
647 195 202 211
648 202 215 211
649 189 197 195
650 197 202 195
651 272 279 310
652 279 314 310
653 240 245 272
654 245 279 272
655 215 220 240
656 220 245 240
657 202 208 215
658 208 220 215
659 197 204 202
660 204 208 202
661 279 284 314
662 284 319 314
663 245 251 279
664 251 284 279
665 220 224 245
666 224 251 245
667 208 212 220
668 212 224 220
669 204 209 208
670 209 212 208
671 284 290 319
672 290 322 319
673 251 255 284
674 255 290 284
675 224 234 251
676 234 255 251
677 212 217 224
678 217 234 224
679 209 214 212
680 214 217 212
681 290 296 322
682 296 327 322
683 255 261 290
684 261 296 290
685 234 241 255
686 241 261 255
687 217 222 234
688 222 241 234
689 214 219 217
690 219 222 217
691 296 302 327
692 302 332 327
693 261 267 296
694 267 302 296
695 241 247 261
696 247 267 261
697 222 232 241
698 232 247 241
699 219 226 222
700 226 232 222
701 302 307 332
702 307 336 332
703 267 277 302
704 277 307 302
705 247 252 267
706 252 277 267
707 232 239 247
708 239 252 247
709 226 236 232
710 236 239 232
711 307 313 336
712 313 341 336
713 277 285 307
714 285 313 307
715 252 258 277
716 258 285 277
717 239 248 252
718 248 258 252
719 236 243 239
720 243 248 239
721 313 317 341
722 317 345 341
723 285 292 313
724 292 317 313
725 258 264 285
726 264 292 285
727 248 254 258
728 254 264 258
729 243 250 248
730 250 254 248
731 317 324 345
732 324 350 345
733 292 298 317
734 298 324 317
735 264 276 292
736 276 298 292
737 254 260 264
738 260 276 264
739 250 256 254
740 256 260 254
741 324 329 350
742 329 354 350
743 298 305 324
744 305 329 324
745 276 286 298
746 286 305 298
747 260 269 276
748 269 286 276
749 256 262 260
750 262 269 260
751 329 334 354
752 334 359 354
753 305 312 329
754 312 334 329
755 286 294 305
756 294 312 305
757 269 280 286
758 280 294 286
759 262 274 269
760 274 280 269
761 334 339 359
762 339 364 359
763 312 318 334
764 318 339 334
765 294 301 312
766 301 318 312
767 280 288 294
768 288 301 294
769 274 283 280
770 283 288 280
771 339 346 364
772 346 370 364
773 318 325 339
774 325 346 339
775 301 308 318
776 308 325 318
777 288 297 301
778 297 308 301
779 283 293 288
780 293 297 288
781 346 351 370
782 351 374 370
783 325 331 346
784 331 351 346
785 308 315 325
786 315 331 325
787 297 304 308
788 304 315 308
789 293 300 297
790 300 304 297
791 351 357 374
792 357 378 374
793 331 337 351
794 337 357 351
795 315 321 331
796 321 337 331
797 304 311 315
798 311 321 315
799 300 309 304
800 309 311 304
801 357 363 378
802 363 383 378
803 337 343 357
804 343 363 357
805 321 328 337
806 328 343 337
807 311 320 321
808 320 328 321
809 309 316 311
810 316 320 311
811 363 367 383
812 367 389 383
813 343 349 363
814 349 367 363
815 328 335 343
816 335 349 343
817 320 326 328
818 326 335 328
819 316 323 320
820 323 326 320
821 367 372 389
822 372 395 389
823 349 356 367
824 356 372 367
825 335 342 349
826 342 356 349
827 326 333 335
828 333 342 335
829 323 330 326
830 330 333 326
831 372 379 395
832 379 399 395
833 356 362 372
834 362 379 372
835 342 348 356
836 348 362 356
837 333 340 342
838 340 348 342
839 330 338 333
840 338 340 333
841 379 385 399
842 385 405 399
843 362 368 379
844 368 385 379
845 348 355 362
846 355 368 362
847 340 347 348
848 347 355 348
849 338 344 340
850 344 347 340
851 385 390 405
852 390 409 405
853 368 375 385
854 375 390 385
855 355 361 368
856 361 375 368
857 347 353 355
858 353 361 355
859 344 352 347
860 352 353 347
861 390 396 409
862 396 415 409
863 375 380 390
864 380 396 390
865 361 369 375
866 369 380 375
867 353 360 361
868 360 369 361
869 352 358 353
870 358 360 353
871 396 402 415
872 402 421 415
873 380 386 396
874 386 402 396
875 369 376 380
876 376 386 380
877 360 366 369
878 366 376 369
879 358 365 360
880 365 366 360
881 402 408 421
882 408 427 421
883 386 392 402
884 392 408 402
885 376 382 386
886 382 392 386
887 366 373 376
888 373 382 376
889 365 371 366
890 371 373 366
891 408 414 427
892 414 431 427
893 392 398 408
894 398 414 408
895 382 388 392
896 388 398 392
897 373 381 382
898 381 388 382
899 371 377 373
900 377 381 373
901 414 419 431
902 419 436 431
903 398 404 414
904 404 419 414
905 388 394 398
906 394 404 398
907 381 387 388
908 387 394 388
909 377 384 381
910 384 387 381
911 419 424 436
912 424 441 436
913 404 410 419
914 410 424 419
915 394 401 404
916 401 410 404
917 387 393 394
918 393 401 394
919 384 391 387
920 391 393 387
921 424 430 441
922 430 447 441
923 410 416 424
924 416 430 424
925 401 406 410
926 406 416 410
927 393 400 401
928 400 406 401
929 391 397 393
930 397 400 393
931 430 435 447
932 435 452 447
933 416 422 430
934 422 435 430
935 406 412 416
936 412 422 416
937 400 407 406
938 407 412 406
939 397 403 400
940 403 407 400
941 435 442 452
942 442 458 452
943 422 428 435
944 428 442 435
945 412 418 422
946 418 428 422
947 407 413 412
948 413 418 412
949 403 411 407
950 411 413 407
951 442 448 458
952 448 463 458
953 428 434 442
954 434 448 442
955 418 425 428
956 425 434 428
957 413 420 418
958 420 425 418
959 411 417 413
960 417 420 413
961 448 454 463
962 454 469 463
963 434 440 448
964 440 454 448
965 425 432 434
966 432 440 434
967 420 426 425
968 426 432 425
969 417 423 420
970 423 426 420
971 454 460 469
972 460 474 469
973 440 446 454
974 446 460 454
975 432 438 440
976 438 446 440
977 426 433 432
978 433 438 432
979 423 429 426
980 429 433 426
981 460 466 474
982 466 479 474
983 446 453 460
984 453 466 460
985 438 444 446
986 444 453 446
987 433 439 438
988 439 444 438
989 429 437 433
990 437 439 433
991 466 471 479
992 471 485 479
993 453 459 466
994 459 471 466
995 444 450 453
996 450 459 453
997 439 445 444
998 445 450 444
999 437 443 439
1000 443 445 439
1001 471 477 485
1002 477 491 485
1003 459 465 471
1004 465 477 471
1005 450 456 459
1006 456 465 459
1007 445 451 450
1008 451 456 450
1009 443 449 445
1010 449 451 445
1011 477 483 491
1012 483 497 491
1013 465 472 477
1014 472 483 477
1015 456 462 465
1016 462 472 465
1017 451 457 456
1018 457 462 456
1019 449 455 451
1020 455 457 451
1021 483 488 497
1022 488 503 497
1023 472 478 483
1024 478 488 483
1025 462 468 472
1026 468 478 472
1027 457 464 462
1028 464 468 462
1029 455 461 457
1030 461 464 457
1031 488 494 503
1032 494 509 503
1033 478 484 488
1034 484 494 488
1035 468 475 478
1036 475 484 478
1037 464 470 468
1038 470 475 468
1039 461 467 464
1040 467 470 464
1041 494 500 509
1042 500 515 509
1043 484 490 494
1044 490 500 494
1045 475 481 484
1046 481 490 484
1047 470 476 475
1048 476 481 475
1049 467 473 470
1050 473 476 470
1051 500 506 515
1052 506 520 515
1053 490 496 500
1054 496 506 500
1055 481 487 490
1056 487 496 490
1057 476 482 481
1058 482 487 481
1059 473 480 476
1060 480 482 476
1061 506 510 520
1062 510 525 520
1063 496 502 506
1064 502 510 506
1065 487 493 496
1066 493 502 496
1067 482 489 487
1068 489 493 487
1069 480 486 482
1070 486 489 482
1071 510 516 525
1072 516 530 525
1073 502 507 510
1074 507 516 510
1075 493 498 502
1076 498 507 502
1077 489 495 493
1078 495 498 493
1079 486 492 489
1080 492 495 489
1081 516 522 530
1082 522 535 530
1083 507 513 516
1084 513 522 516
1085 498 504 507
1086 504 513 507
1087 495 501 498
1088 501 504 498
1089 492 499 495
1090 499 501 495
1091 522 528 535
1092 528 541 535
1093 513 519 522
1094 519 528 522
1095 504 511 513
1096 511 519 513
1097 501 508 504
1098 508 511 504
1099 499 505 501
1100 505 508 501
1101 528 534 541
1102 534 547 541
1103 519 526 528
1104 526 534 528
1105 511 517 519
1106 517 526 519
1107 508 514 511
1108 514 517 511
1109 505 512 508
1110 512 514 508
1111 534 540 547
1112 540 553 547
1113 526 532 534
1114 532 540 534
1115 517 523 526
1116 523 532 526
1117 514 521 517
1118 521 523 517
1119 512 518 514
1120 518 521 514
1121 540 546 553
1122 546 559 553
1123 532 538 540
1124 538 546 540
1125 523 529 532
1126 529 538 532
1127 521 527 523
1128 527 529 523
1129 518 524 521
1130 524 527 521
1131 546 552 559
1132 552 565 559
1133 538 544 546
1134 544 552 546
1135 529 536 538
1136 536 544 538
1137 527 533 529
1138 533 536 529
1139 524 531 527
1140 531 533 527
1141 552 558 565
1142 558 570 565
1143 544 549 552
1144 549 558 552
1145 536 542 544
1146 542 549 544
1147 533 539 536
1148 539 542 536
1149 531 537 533
1150 537 539 533
1151 558 564 570
1152 564 576 570
1153 549 555 558
1154 555 564 558
1155 542 548 549
1156 548 555 549
1157 539 545 542
1158 545 548 542
1159 537 543 539
1160 543 545 539
1161 564 571 576
1162 571 582 576
1163 555 561 564
1164 561 571 564
1165 548 554 555
1166 554 561 555
1167 545 551 548
1168 551 554 548
1169 543 550 545
1170 550 551 545
1171 571 577 582
1172 577 587 582
1173 561 567 571
1174 567 577 571
1175 554 560 561
1176 560 567 561
1177 551 557 554
1178 557 560 554
1179 550 556 551
1180 556 557 551
1181 577 583 587
1182 583 593 587
1183 567 573 577
1184 573 583 577
1185 560 566 567
1186 566 573 567
1187 557 563 560
1188 563 566 560
1189 556 562 557
1190 562 563 557
1191 583 589 593
1192 589 599 593
1193 573 579 583
1194 579 589 583
1195 566 572 573
1196 572 579 573
1197 563 569 566
1198 569 572 566
1199 562 568 563
1200 568 569 563
1201 589 595 599
1202 595 604 599
1203 579 585 589
1204 585 595 589
1205 572 578 579
1206 578 585 579
1207 569 575 572
1208 575 578 572
1209 568 574 569
1210 574 575 569
1211 595 600 604
1212 600 610 604
1213 585 591 595
1214 591 600 595
1215 578 584 585
1216 584 591 585
1217 575 581 578
1218 581 584 578
1219 574 580 575
1220 580 581 575
1221 600 606 610
1222 606 616 610
1223 591 596 600
1224 596 606 600
1225 584 590 591
1226 590 596 591
1227 581 588 584
1228 588 590 584
1229 580 586 581
1230 586 588 581
1231 606 612 616
1232 612 622 616
1233 596 602 606
1234 602 612 606
1235 590 597 596
1236 597 602 596
1237 588 594 590
1238 594 597 590
1239 586 592 588
1240 592 594 588
1241 612 618 622
1242 618 627 622
1243 602 608 612
1244 608 618 612
1245 597 603 602
1246 603 608 602
1247 594 601 597
1248 601 603 597
1249 592 598 594
1250 598 601 594
1251 618 624 627
1252 624 633 627
1253 608 614 618
1254 614 624 618
1255 603 609 608
1256 609 614 608
1257 601 607 603
1258 607 609 603
1259 598 605 601
1260 605 607 601
1261 624 629 633
1262 629 638 633
1263 614 620 624
1264 620 629 624
1265 609 615 614
1266 615 620 614
1267 607 613 609
1268 613 615 609
1269 605 611 607
1270 611 613 607
1271 629 635 638
1272 635 644 638
1273 620 626 629
1274 626 635 629
1275 615 621 620
1276 621 626 620
1277 613 619 615
1278 619 621 615
1279 611 617 613
1280 617 619 613
1281 635 641 644
1282 641 650 644
1283 626 632 635
1284 632 641 635
1285 621 628 626
1286 628 632 626
1287 619 625 621
1288 625 628 621
1289 617 623 619
1290 623 625 619
1291 641 647 650
1292 647 656 650
1293 632 639 641
1294 639 647 641
1295 628 634 632
1296 634 639 632
1297 625 631 628
1298 631 634 628
1299 623 630 625
1300 630 631 625
1301 647 653 656
1302 653 662 656
1303 639 645 647
1304 645 653 647
1305 634 640 639
1306 640 645 639
1307 631 637 634
1308 637 640 634
1309 630 636 631
1310 636 637 631
1311 653 659 662
1312 659 668 662
1313 645 651 653
1314 651 659 653
1315 640 646 645
1316 646 651 645
1317 637 643 640
1318 643 646 640
1319 636 642 637
1320 642 643 637
1321 659 665 668
1322 665 674 668
1323 651 657 659
1324 657 665 659
1325 646 652 651
1326 652 657 651
1327 643 649 646
1328 649 652 646
1329 642 648 643
1330 648 649 643
1331 665 671 674
1332 671 680 674
1333 657 663 665
1334 663 671 665
1335 652 658 657
1336 658 663 657
1337 649 655 652
1338 655 658 652
1339 648 654 649
1340 654 655 649
1341 671 677 680
1342 677 686 680
1343 663 669 671
1344 669 677 671
1345 658 664 663
1346 664 669 663
1347 655 661 658
1348 661 664 658
1349 654 660 655
1350 660 661 655
1351 677 683 686
1352 683 692 686
1353 669 675 677
1354 675 683 677
1355 664 670 669
1356 670 675 669
1357 661 667 664
1358 667 670 664
1359 660 666 661
1360 666 667 661
1361 683 689 692
1362 689 697 692
1363 675 681 683
1364 681 689 683
1365 670 676 675
1366 676 681 675
1367 667 673 670
1368 673 676 670
1369 666 672 667
1370 672 673 667
1371 689 694 697
1372 694 703 697
1373 681 687 689
1374 687 694 689
1375 676 682 681
1376 682 687 681
1377 673 679 676
1378 679 682 676
1379 672 678 673
1380 678 679 673
1381 694 700 703
1382 700 709 703
1383 687 693 694
1384 693 700 694
1385 682 688 687
1386 688 693 687
1387 679 685 682
1388 685 688 682
1389 678 684 679
1390 684 685 679
1391 700 706 709
1392 706 714 709
1393 693 699 700
1394 699 706 700
1395 688 695 693
1396 695 699 693
1397 685 691 688
1398 691 695 688
1399 684 690 685
1400 690 691 685
1401 706 712 714
1402 712 720 714
1403 699 705 706
1404 705 712 706
1405 695 701 699
1406 701 705 699
1407 691 698 695
1408 698 701 695
1409 690 696 691
1410 696 698 691
1411 712 718 720
1412 718 726 720
1413 705 711 712
1414 711 718 712
1415 701 707 705
1416 707 711 705
1417 698 704 701
1418 704 707 701
1419 696 702 698
1420 702 704 698
1421 718 724 726
1422 724 732 726
1423 711 717 718
1424 717 724 718
1425 707 713 711
1426 713 717 711
1427 704 710 707
1428 710 713 707
1429 702 708 704
1430 708 710 704
1431 724 730 732
1432 730 738 732
1433 717 723 724
1434 723 730 724
1435 713 719 717
1436 719 723 717
1437 710 716 713
1438 716 719 713
1439 708 715 710
1440 715 716 710
1441 730 736 738
1442 736 744 738
1443 723 729 730
1444 729 736 730
1445 719 725 723
1446 725 729 723
1447 716 722 719
1448 722 725 719
1449 715 721 716
1450 721 722 716
1451 736 742 744
1452 742 750 744
1453 729 735 736
1454 735 742 736
1455 725 731 729
1456 731 735 729
1457 722 728 725
1458 728 731 725
1459 721 727 722
1460 727 728 722
1461 742 748 750
1462 748 756 750
1463 735 741 742
1464 741 748 742
1465 731 737 735
1466 737 741 735
1467 728 734 731
1468 734 737 731
1469 727 733 728
1470 733 734 728
1471 748 754 756
1472 754 762 756
1473 741 747 748
1474 747 754 748
1475 737 743 741
1476 743 747 741
1477 734 740 737
1478 740 743 737
1479 733 739 734
1480 739 740 734
1481 754 760 762
1482 760 768 762
1483 747 753 754
1484 753 760 754
1485 743 749 747
1486 749 753 747
1487 740 746 743
1488 746 749 743
1489 739 745 740
1490 745 746 740
1491 760 766 768
1492 766 774 768
1493 753 759 760
1494 759 766 760
1495 749 755 753
1496 755 759 753
1497 746 752 749
1498 752 755 749
1499 745 751 746
1500 751 752 746
1501 766 772 774
1502 772 780 774
1503 759 765 766
1504 765 772 766
1505 755 761 759
1506 761 765 759
1507 752 758 755
1508 758 761 755
1509 751 757 752
1510 757 758 752
1511 772 778 780
1512 778 785 780
1513 765 771 772
1514 771 778 772
1515 761 767 765
1516 767 771 765
1517 758 764 761
1518 764 767 761
1519 757 763 758
1520 763 764 758
1521 778 783 785
1522 783 791 785
1523 771 777 778
1524 777 783 778
1525 767 773 771
1526 773 777 771
1527 764 770 767
1528 770 773 767
1529 763 769 764
1530 769 770 764
1531 783 789 791
1532 789 797 791
1533 777 784 783
1534 784 789 783
1535 773 779 777
1536 779 784 777
1537 770 776 773
1538 776 779 773
1539 769 775 770
1540 775 776 770
1541 789 795 797
1542 795 803 797
1543 784 790 789
1544 790 795 789
1545 779 786 784
1546 786 790 784
1547 776 782 779
1548 782 786 779
1549 775 781 776
1550 781 782 776
1551 795 801 803
1552 801 809 803
1553 790 796 795
1554 796 801 795
1555 786 792 790
1556 792 796 790
1557 782 788 786
1558 788 792 786
1559 781 787 782
1560 787 788 782
1561 801 807 809
1562 807 815 809
1563 796 802 801
1564 802 807 801
1565 792 798 796
1566 798 802 796
1567 788 794 792
1568 794 798 792
1569 787 793 788
1570 793 794 788
1571 807 813 815
1572 813 821 815
1573 802 808 807
1574 808 813 807
1575 798 804 802
1576 804 808 802
1577 794 800 798
1578 800 804 798
1579 793 799 794
1580 799 800 794
1581 813 819 821
1582 819 827 821
1583 808 814 813
1584 814 819 813
1585 804 810 808
1586 810 814 808
1587 800 806 804
1588 806 810 804
1589 799 805 800
1590 805 806 800
1591 819 824 827
1592 824 833 827
1593 814 820 819
1594 820 824 819
1595 810 816 814
1596 816 820 814
1597 806 812 810
1598 812 816 810
1599 805 811 806
1600 811 812 806
1601 824 830 833
1602 830 839 833
1603 820 826 824
1604 826 830 824
1605 816 822 820
1606 822 826 820
1607 812 818 816
1608 818 822 816
1609 811 817 812
1610 817 818 812
1611 830 836 839
1612 836 845 839
1613 826 832 830
1614 832 836 830
1615 822 828 826
1616 828 832 826
1617 818 825 822
1618 825 828 822
1619 817 823 818
1620 823 825 818
1621 836 842 845
1622 842 851 845
1623 832 838 836
1624 838 842 836
1625 828 834 832
1626 834 838 832
1627 825 831 828
1628 831 834 828
1629 823 829 825
1630 829 831 825
1631 842 848 851
1632 848 857 851
1633 838 844 842
1634 844 848 842
1635 834 840 838
1636 840 844 838
1637 831 837 834
1638 837 840 834
1639 829 835 831
1640 835 837 831
1641 848 854 857
1642 854 863 857
1643 844 850 848
1644 850 854 848
1645 840 846 844
1646 846 850 844
1647 837 843 840
1648 843 846 840
1649 835 841 837
1650 841 843 837
1651 854 860 863
1652 860 869 863
1653 850 856 854
1654 856 860 854
1655 846 852 850
1656 852 856 850
1657 843 849 846
1658 849 852 846
1659 841 847 843
1660 847 849 843
1661 860 866 869
1662 866 874 869
1663 856 862 860
1664 862 866 860
1665 852 858 856
1666 858 862 856
1667 849 855 852
1668 855 858 852
1669 847 853 849
1670 853 855 849
1671 866 871 874
1672 871 879 874
1673 862 867 866
1674 867 871 866
1675 858 864 862
1676 864 867 862
1677 855 861 858
1678 861 864 858
1679 853 859 855
1680 859 861 855
1681 871 877 879
1682 877 885 879
1683 867 873 871
1684 873 877 871
1685 864 870 867
1686 870 873 867
1687 861 868 864
1688 868 870 864
1689 859 865 861
1690 865 868 861
1691 877 883 885
1692 883 891 885
1693 873 880 877
1694 880 883 877
1695 870 876 873
1696 876 880 873
1697 868 875 870
1698 875 876 870
1699 865 872 868
1700 872 875 868
1701 883 889 891
1702 889 897 891
1703 880 886 883
1704 886 889 883
1705 876 882 880
1706 882 886 880
1707 875 881 876
1708 881 882 876
1709 872 878 875
1710 878 881 875
1711 889 895 897
1712 895 902 897
1713 886 892 889
1714 892 895 889
1715 882 888 886
1716 888 892 886
1717 881 887 882
1718 887 888 882
1719 878 884 881
1720 884 887 881
1721 895 901 902
1722 901 908 902
1723 892 898 895
1724 898 901 895
1725 888 894 892
1726 894 898 892
1727 887 893 888
1728 893 894 888
1729 884 890 887
1730 890 893 887
1731 901 907 908
1732 907 914 908
1733 898 904 901
1734 904 907 901
1735 894 900 898
1736 900 904 898
1737 893 899 894
1738 899 900 894
1739 890 896 893
1740 896 899 893
1741 907 913 914
1742 913 920 914
1743 904 910 907
1744 910 913 907
1745 900 906 904
1746 906 910 904
1747 899 905 900
1748 905 906 900
1749 896 903 899
1750 903 905 899
1751 913 919 920
1752 919 926 920
1753 910 916 913
1754 916 919 913
1755 906 912 910
1756 912 916 910
1757 905 911 906
1758 911 912 906
1759 903 909 905
1760 909 911 905
1761 919 925 926
1762 925 932 926
1763 916 922 919
1764 922 925 919
1765 912 918 916
1766 918 922 916
1767 911 917 912
1768 917 918 912
1769 909 915 911
1770 915 917 911
1771 925 931 932
1772 931 938 932
1773 922 928 925
1774 928 931 925
1775 918 924 922
1776 924 928 922
1777 917 923 918
1778 923 924 918
1779 915 921 917
1780 921 923 917
1781 931 937 938
1782 937 944 938
1783 928 934 931
1784 934 937 931
1785 924 930 928
1786 930 934 928
1787 923 929 924
1788 929 930 924
1789 921 927 923
1790 927 929 923
1791 937 943 944
1792 943 950 944
1793 934 940 937
1794 940 943 937
1795 930 936 934
1796 936 940 934
1797 929 935 930
1798 935 936 930
1799 927 933 929
1800 933 935 929
1801 943 949 950
1802 949 956 950
1803 940 946 943
1804 946 949 943
1805 936 942 940
1806 942 946 940
1807 935 941 936
1808 941 942 936
1809 933 939 935
1810 939 941 935
1811 949 955 956
1812 955 962 956
1813 946 952 949
1814 952 955 949
1815 942 948 946
1816 948 952 946
1817 941 947 942
1818 947 948 942
1819 939 945 941
1820 945 947 941
1821 955 961 962
1822 961 967 962
1823 952 957 955
1824 957 961 955
1825 948 954 952
1826 954 957 952
1827 947 953 948
1828 953 954 948
1829 945 951 947
1830 951 953 947
1831 961 968 967
1832 968 973 967
1833 957 963 961
1834 963 968 961
1835 954 960 957
1836 960 963 957
1837 953 959 954
1838 959 960 954
1839 951 958 953
1840 958 959 953
1841 968 974 973
1842 974 979 973
1843 963 969 968
1844 969 974 968
1845 960 966 963
1846 966 969 963
1847 959 965 960
1848 965 966 960
1849 958 964 959
1850 964 965 959
1851 974 980 979
1852 980 985 979
1853 969 975 974
1854 975 980 974
1855 966 972 969
1856 972 975 969
1857 965 971 966
1858 971 972 966
1859 964 970 965
1860 970 971 965
1861 980 986 985
1862 986 991 985
1863 975 981 980
1864 981 986 980
1865 972 978 975
1866 978 981 975
1867 971 977 972
1868 977 978 972
1869 970 976 971
1870 976 977 971
1871 986 992 991
1872 992 997 991
1873 981 987 986
1874 987 992 986
1875 978 984 981
1876 984 987 981
1877 977 983 978
1878 983 984 978
1879 976 982 977
1880 982 983 977
1881 992 998 997
1882 998 1003 997
1883 987 993 992
1884 993 998 992
1885 984 990 987
1886 990 993 987
1887 983 989 984
1888 989 990 984
1889 982 988 983
1890 988 989 983
1891 998 1004 1003
1892 1004 1009 1003
1893 993 999 998
1894 999 1004 998
1895 990 996 993
1896 996 999 993
1897 989 995 990
1898 995 996 990
1899 988 994 989
1900 994 995 989
1901 1004 1010 1009
1902 1010 1015 1009
1903 999 1005 1004
1904 1005 1010 1004
1905 996 1002 999
1906 1002 1005 999
1907 995 1001 996
1908 1001 1002 996
1909 994 1000 995
1910 1000 1001 995
1911 1010 1016 1015
1912 1016 1021 1015
1913 1005 1011 1010
1914 1011 1016 1010
1915 1002 1008 1005
1916 1008 1011 1005
1917 1001 1007 1002
1918 1007 1008 1002
1919 1000 1006 1001
1920 1006 1007 1001
1921 1016 1022 1021
1922 1022 1027 1021
1923 1011 1017 1016
1924 1017 1022 1016
1925 1008 1014 1011
1926 1014 1017 1011
1927 1007 1013 1008
1928 1013 1014 1008
1929 1006 1012 1007
1930 1012 1013 1007
1931 1022 1028 1027
1932 1028 1037 1027
1933 1017 1023 1022
1934 1023 1028 1022
1935 1014 1020 1017
1936 1020 1023 1017
1937 1013 1019 1014
1938 1019 1020 1014
1939 1012 1018 1013
1940 1018 1019 1013
1941 1028 1038 1037
1942 1038 1052 1037
1943 1023 1029 1028
1944 1029 1038 1028
1945 1020 1026 1023
1946 1026 1029 1023
1947 1019 1025 1020
1948 1025 1026 1020
1949 1018 1024 1019
1950 1024 1025 1019
1951 1038 1055 1052
1952 1055 1067 1052
1953 1029 1043 1038
1954 1043 1055 1038
1955 1026 1035 1029
1956 1035 1043 1029
1957 1025 1031 1026
1958 1031 1035 1026
1959 1024 1030 1025
1960 1030 1031 1025
1961 1055 1068 1067
1962 1068 1081 1067
1963 1043 1057 1055
1964 1057 1068 1055
1965 1035 1051 1043
1966 1051 1057 1043
1967 1031 1046 1035
1968 1046 1051 1035
1969 1030 1044 1031
1970 1044 1046 1031
1971 1068 1083 1081
1972 1083 1095 1081
1973 1057 1074 1068
1974 1074 1083 1068
1975 1051 1066 1057
1976 1066 1074 1057
1977 1046 1063 1051
1978 1063 1066 1051
1979 1044 1060 1046
1980 1060 1063 1046
1981 1083 1096 1095
1982 1096 1105 1095
1983 1074 1086 1083
1984 1086 1096 1083
1985 1066 1080 1074
1986 1080 1086 1074
1987 1063 1077 1066
1988 1077 1080 1066
1989 1060 1076 1063
1990 1076 1077 1063
1991 1096 1106 1105
1992 1106 1114 1105
1993 1086 1097 1096
1994 1097 1106 1096
1995 1080 1091 1086
1996 1091 1097 1086
1997 1077 1089 1080
1998 1089 1091 1080
1999 1076 1087 1077
2000 1087 1089 1077
2001 1106 1116 1114
2002 1116 1125 1114
2003 1097 1109 1106
2004 1109 1116 1106
2005 1091 1103 1097
2006 1103 1109 1097
2007 1089 1100 1091
2008 1100 1103 1091
2009 1087 1099 1089
2010 1099 1100 1089
2011 1116 1126 1125
2012 1126 1134 1125
2013 1109 1118 1116
2014 1118 1126 1116
2015 1103 1113 1109
2016 1113 1118 1109
2017 1100 1111 1103
2018 1111 1113 1103
2019 1099 1110 1100
2020 1110 1111 1100
2021 1126 1135 1134
2022 1135 1144 1134
2023 1118 1129 1126
2024 1129 1135 1126
2025 1113 1124 1118
2026 1124 1129 1118
2027 1111 1122 1113
2028 1122 1124 1113
2029 1110 1121 1111
2030 1121 1122 1111
2031 1135 1146 1144
2032 1146 1152 1144
2033 1129 1138 1135
2034 1138 1146 1135
2035 1124 1132 1129
2036 1132 1138 1129
2037 1122 1131 1124
2038 1131 1132 1124
2039 1121 1130 1122
2040 1130 1131 1122
2041 1146 1154 1152
2042 1154 1162 1152
2043 1138 1147 1146
2044 1147 1154 1146
2045 1132 1143 1138
2046 1143 1147 1138
2047 1131 1141 1132
2048 1141 1143 1132
2049 1130 1140 1131
2050 1140 1141 1131
2051 1154 1164 1162
2052 1164 1169 1162
2053 1147 1157 1154
2054 1157 1164 1154
2055 1143 1151 1147
2056 1151 1157 1147
2057 1141 1150 1143
2058 1150 1151 1143
2059 1140 1148 1141
2060 1148 1150 1141
2061 1164 1171 1169
2062 1171 1179 1169
2063 1157 1165 1164
2064 1165 1171 1164
2065 1151 1163 1157
2066 1163 1165 1157
2067 1150 1160 1151
2068 1160 1163 1151
2069 1148 1159 1150
2070 1159 1160 1150
2071 1171 1182 1179
2072 1182 1187 1179
2073 1165 1175 1171
2074 1175 1182 1171
2075 1163 1170 1165
2076 1170 1175 1165
2077 1160 1168 1163
2078 1168 1170 1163
2079 1159 1167 1160
2080 1167 1168 1160
2081 1182 1189 1187
2082 1189 1197 1187
2083 1175 1183 1182
2084 1183 1189 1182
2085 1170 1181 1175
2086 1181 1183 1175
2087 1168 1178 1170
2088 1178 1181 1170
2089 1167 1177 1168
2090 1177 1178 1168
2091 1189 1199 1197
2092 1199 1205 1197
2093 1183 1192 1189
2094 1192 1199 1189
2095 1181 1188 1183
2096 1188 1192 1183
2097 1178 1186 1181
2098 1186 1188 1181
2099 1177 1184 1178
2100 1184 1186 1178
2101 1199 1207 1205
2102 1207 1214 1205
2103 1192 1201 1199
2104 1201 1207 1199
2105 1188 1198 1192
2106 1198 1201 1192
2107 1186 1195 1188
2108 1195 1198 1188
2109 1184 1194 1186
2110 1194 1195 1186
2111 1207 1216 1214
2112 1216 1222 1214
2113 1201 1208 1207
2114 1208 1216 1207
2115 1198 1206 1201
2116 1206 1208 1201
2117 1195 1203 1198
2118 1203 1206 1198
2119 1194 1202 1195
2120 1202 1203 1195
2121 1216 1224 1222
2122 1224 1229 1222
2123 1208 1218 1216
2124 1218 1224 1216
2125 1206 1215 1208
2126 1215 1218 1208
2127 1203 1211 1206
2128 1211 1215 1206
2129 1202 1209 1203
2130 1209 1211 1203
2131 1224 1232 1229
2132 1232 1239 1229
2133 1218 1226 1224
2134 1226 1232 1224
2135 1215 1223 1218
2136 1223 1226 1218
2137 1211 1221 1215
2138 1221 1223 1215
2139 1209 1220 1211
2140 1220 1221 1211
2141 1232 1241 1239
2142 1241 1247 1239
2143 1226 1235 1232
2144 1235 1241 1232
2145 1223 1230 1226
2146 1230 1235 1226
2147 1221 1228 1223
2148 1228 1230 1223
2149 1220 1227 1221
2150 1227 1228 1221
2151 1241 1249 1247
2152 1249 1254 1247
2153 1235 1243 1241
2154 1243 1249 1241
2155 1230 1240 1235
2156 1240 1243 1235
2157 1228 1238 1230
2158 1238 1240 1230
2159 1227 1236 1228
2160 1236 1238 1228
2161 1249 1257 1254
2162 1257 1264 1254
2163 1243 1250 1249
2164 1250 1257 1249
2165 1240 1248 1243
2166 1248 1250 1243
2167 1238 1246 1240
2168 1246 1248 1240
2169 1236 1244 1238
2170 1244 1246 1238
2171 1257 1266 1264
2172 1266 1271 1264
2173 1250 1260 1257
2174 1260 1266 1257
2175 1248 1256 1250
2176 1256 1260 1250
2177 1246 1253 1248
2178 1253 1256 1248
2179 1244 1252 1246
2180 1252 1253 1246
2181 1266 1273 1271
2182 1273 1279 1271
2183 1260 1268 1266
2184 1268 1273 1266
2185 1256 1265 1260
2186 1265 1268 1260
2187 1253 1262 1256
2188 1262 1265 1256
2189 1252 1261 1253
2190 1261 1262 1253
2191 1273 1282 1279
2192 1282 1288 1279
2193 1268 1275 1273
2194 1275 1282 1273
2195 1265 1272 1268
2196 1272 1275 1268
2197 1262 1270 1265
2198 1270 1272 1265
2199 1261 1269 1262
2200 1269 1270 1262
2201 1282 1290 1288
2202 1290 1295 1288
2203 1275 1284 1282
2204 1284 1290 1282
2205 1272 1281 1275
2206 1281 1284 1275
2207 1270 1277 1272
2208 1277 1281 1272
2209 1269 1276 1270
2210 1276 1277 1270
2211 1290 1298 1295
2212 1298 1303 1295
2213 1284 1292 1290
2214 1292 1298 1290
2215 1281 1289 1284
2216 1289 1292 1284
2217 1277 1287 1281
2218 1287 1289 1281
2219 1276 1286 1277
2220 1286 1287 1277
2221 1298 1306 1303
2222 1306 1312 1303
2223 1292 1299 1298
2224 1299 1306 1298
2225 1289 1297 1292
2226 1297 1299 1292
2227 1287 1294 1289
2228 1294 1297 1289
2229 1286 1293 1287
2230 1293 1294 1287
2231 1306 1314 1312
2232 1314 1319 1312
2233 1299 1308 1306
2234 1308 1314 1306
2235 1297 1305 1299
2236 1305 1308 1299
2237 1294 1301 1297
2238 1301 1305 1297
2239 1293 1300 1294
2240 1300 1301 1294
2241 1314 1322 1319
2242 1322 1326 1319
2243 1308 1316 1314
2244 1316 1322 1314
2245 1305 1313 1308
2246 1313 1316 1308
2247 1301 1311 1305
2248 1311 1313 1305
2249 1300 1310 1301
2250 1310 1311 1301
2251 1322 1330 1326
2252 1330 1336 1326
2253 1316 1323 1322
2254 1323 1330 1322
2255 1313 1321 1316
2256 1321 1323 1316
2257 1311 1318 1313
2258 1318 1321 1313
2259 1310 1317 1311
2260 1317 1318 1311
2261 1330 1338 1336
2262 1338 1343 1336
2263 1323 1332 1330
2264 1332 1338 1330
2265 1321 1329 1323
2266 1329 1332 1323
2267 1318 1325 1321
2268 1325 1329 1321
2269 1317 1324 1318
2270 1324 1325 1318
2271 1338 1345 1343
2272 1345 1349 1343
2273 1332 1340 1338
2274 1340 1345 1338
2275 1329 1337 1332
2276 1337 1340 1332
2277 1325 1335 1329
2278 1335 1337 1329
2279 1324 1334 1325
2280 1334 1335 1325
2281 1488 1482 1487
2282 1482 1481 1487
2283 1490 1484 1488
2284 1484 1482 1488
2285 1491 1485 1490
2286 1485 1484 1490
2287 1493 1489 1491
2288 1489 1485 1491
2289 1494 1492 1493
2290 1492 1489 1493
2291 1482 1475 1481
2292 1475 1474 1481
2293 1484 1478 1482
2294 1478 1475 1482
2295 1485 1479 1484
2296 1479 1478 1484
2297 1489 1483 1485
2298 1483 1479 1485
2299 1492 1486 1489
2300 1486 1483 1489
2301 1475 1468 1474
2302 1468 1467 1474
2303 1478 1470 1475
2304 1470 1468 1475
2305 1479 1472 1478
2306 1472 1470 1478
2307 1483 1477 1479
2308 1477 1472 1479
2309 1486 1480 1483
2310 1480 1477 1483
2311 1468 1458 1467
2312 1458 1457 1467
2313 1470 1461 1468
2314 1461 1458 1468
2315 1472 1464 1470
2316 1464 1461 1470
2317 1477 1469 1472
2318 1469 1464 1472
2319 1480 1473 1477
2320 1473 1469 1477
2321 1458 1452 1457
2322 1452 1451 1457
2323 1461 1454 1458
2324 1454 1452 1458
2325 1464 1455 1461
2326 1455 1454 1461
2327 1469 1459 1464
2328 1459 1455 1464
2329 1473 1465 1469
2330 1465 1459 1469
2331 1452 1445 1451
2332 1445 1444 1451
2333 1454 1447 1452
2334 1447 1445 1452
2335 1455 1449 1454
2336 1449 1447 1454
2337 1459 1453 1455
2338 1453 1449 1455
2339 1465 1456 1459
2340 1456 1453 1459
2341 1445 1437 1444
2342 1437 1436 1444
2343 1447 1439 1445
2344 1439 1437 1445
2345 1449 1441 1447
2346 1441 1439 1447
2347 1453 1446 1449
2348 1446 1441 1449
2349 1456 1450 1453
2350 1450 1446 1453
2351 1437 1428 1436
2352 1428 1427 1436
2353 1439 1430 1437
2354 1430 1428 1437
2355 1441 1432 1439
2356 1432 1430 1439
2357 1446 1438 1441
2358 1438 1432 1441
2359 1450 1443 1446
2360 1443 1438 1446
2361 1428 1421 1427
2362 1421 1420 1427
2363 1430 1424 1428
2364 1424 1421 1428
2365 1432 1425 1430
2366 1425 1424 1430
2367 1438 1429 1432
2368 1429 1425 1432
2369 1443 1434 1438
2370 1434 1429 1438
2371 1421 1414 1420
2372 1414 1413 1420
2373 1424 1416 1421
2374 1416 1414 1421
2375 1425 1418 1424
2376 1418 1416 1424
2377 1429 1423 1425
2378 1423 1418 1425
2379 1434 1426 1429
2380 1426 1423 1429
2381 1414 1404 1413
2382 1404 1403 1413
2383 1416 1408 1414
2384 1408 1404 1414
2385 1418 1410 1416
2386 1410 1408 1416
2387 1423 1415 1418
2388 1415 1410 1418
2389 1426 1419 1423
2390 1419 1415 1423
2391 1404 1398 1403
2392 1398 1396 1403
2393 1408 1400 1404
2394 1400 1398 1404
2395 1410 1401 1408
2396 1401 1400 1408
2397 1415 1407 1410
2398 1407 1401 1410
2399 1419 1412 1415
2400 1412 1407 1415
2401 1398 1391 1396
2402 1391 1388 1396
2403 1400 1393 1398
2404 1393 1391 1398
2405 1401 1394 1400
2406 1394 1393 1400
2407 1407 1399 1401
2408 1399 1394 1401
2409 1412 1402 1407
2410 1402 1399 1407
2411 1391 1383 1388
2412 1383 1380 1388
2413 1393 1385 1391
2414 1385 1383 1391
2415 1394 1387 1393
2416 1387 1385 1393
2417 1399 1392 1394
2418 1392 1387 1394
2419 1402 1397 1399
2420 1397 1392 1399
2421 1383 1374 1380
2422 1374 1372 1380
2423 1385 1376 1383
2424 1376 1374 1383
2425 1387 1378 1385
2426 1378 1376 1385
2427 1392 1384 1387
2428 1384 1378 1387
2429 1397 1390 1392
2430 1390 1384 1392
2431 1374 1367 1372
2432 1367 1365 1372
2433 1376 1369 1374
2434 1369 1367 1374
2435 1378 1371 1376
2436 1371 1369 1376
2437 1384 1375 1378
2438 1375 1371 1378
2439 1390 1381 1384
2440 1381 1375 1384
2441 1367 1359 1365
2442 1359 1357 1365
2443 1369 1362 1367
2444 1362 1359 1367
2445 1371 1364 1369
2446 1364 1362 1369
2447 1375 1368 1371
2448 1368 1364 1371
2449 1381 1373 1375
2450 1373 1368 1375
2451 1359 1350 1357
2452 1350 1348 1357
2453 1362 1352 1359
2454 1352 1350 1359
2455 1364 1356 1362
2456 1356 1352 1362
2457 1368 1361 1364
2458 1361 1356 1364
2459 1373 1366 1368
2460 1366 1361 1368
2461 1350 1342 1348
2462 1342 1341 1348
2463 1352 1346 1350
2464 1346 1342 1350
2465 1356 1347 1352
2466 1347 1346 1352
2467 1361 1351 1356
2468 1351 1347 1356
2469 1366 1358 1361
2470 1358 1351 1361
2471 1342 1335 1341
2472 1335 1334 1341
2473 1346 1337 1342
2474 1337 1335 1342
2475 1347 1340 1346
2476 1340 1337 1346
2477 1351 1345 1347
2478 1345 1340 1347
2479 1358 1349 1351
2480 1349 1345 1351
End Elements
MESH "Pressure load Auto1" dimension 3 ElemType Triangle Nnode 3
Unit "m"
Coordinates
End Coordinates
Elements
481 223 225 265
482 225 266 265
483 191 192 223
484 192 225 223
485 166 168 191
486 168 192 191
487 151 152 166
488 152 168 166
489 145 146 151
490 146 152 151
491 225 227 266
492 227 268 266
493 192 193 225
494 193 227 225
495 168 169 192
496 169 193 192
497 152 153 168
498 153 169 168
499 146 147 152
500 147 153 152
501 227 228 268
502 228 270 268
503 193 194 227
504 194 228 227
505 169 170 193
506 170 194 193
507 153 155 169
508 155 170 169
509 147 148 153
510 148 155 153
511 228 230 270
512 230 271 270
513 194 196 228
514 196 230 228
515 170 172 194
516 172 196 194
517 155 156 170
518 156 172 170
519 148 149 155
520 149 156 155
521 230 231 271
522 231 273 271
523 196 199 230
524 199 231 230
525 172 174 196
526 174 199 196
527 156 158 172
528 158 174 172
529 149 150 156
530 150 158 156
531 231 233 273
532 233 275 273
533 199 200 231
534 200 233 231
535 174 176 199
536 176 200 199
537 158 160 174
538 160 176 174
539 150 154 158
540 154 160 158
541 233 237 275
542 237 278 275
543 200 203 233
544 203 237 233
545 176 178 200
546 178 203 200
547 160 161 176
548 161 178 176
549 154 157 160
550 157 161 160
551 237 238 278
552 238 281 278
553 203 205 237
554 205 238 237
555 178 180 203
556 180 205 203
557 161 163 178
558 163 180 178
559 157 159 161
560 159 163 161
561 238 242 281
562 242 282 281
563 205 207 238
564 207 242 238
565 180 183 205
566 183 207 205
567 163 165 180
568 165 183 180
569 159 162 163
570 162 165 163
571 242 244 282
572 244 287 282
573 207 210 242
574 210 244 242
575 183 184 207
576 184 210 207
577 165 171 183
578 171 184 183
579 162 164 165
580 164 171 165
581 244 246 287
582 246 289 287
583 210 213 244
584 213 246 244
585 184 187 210
586 187 213 210
587 171 175 184
588 175 187 184
589 164 167 171
590 167 175 171
591 246 249 289
592 249 291 289
593 213 216 246
594 216 249 246
595 187 190 213
596 190 216 213
597 175 179 187
598 179 190 187
599 167 173 175
600 173 179 175
601 249 253 291
602 253 295 291
603 216 218 249
604 218 253 249
605 190 198 216
606 198 218 216
607 179 182 190
608 182 198 190
609 173 177 179
610 177 182 179
611 253 257 295
612 257 299 295
613 218 221 253
614 221 257 253
615 198 201 218
616 201 221 218
617 182 186 198
618 186 201 198
619 177 181 182
620 181 186 182
621 257 259 299
622 259 303 299
623 221 229 257
624 229 259 257
625 201 206 221
626 206 229 221
627 186 188 201
628 188 206 201
629 181 185 186
630 185 188 186
631 259 263 303
632 263 306 303
633 229 235 259
634 235 263 259
635 206 211 229
636 211 235 229
637 188 195 206
638 195 211 206
639 185 189 188
640 189 195 188
641 263 272 306
642 272 310 306
643 235 240 263
644 240 272 263
645 211 215 235
646 215 240 235
647 195 202 211
648 202 215 211
649 189 197 195
650 197 202 195
651 272 279 310
652 279 314 310
653 240 245 272
654 245 279 272
655 215 220 240
656 220 245 240
657 202 208 215
658 208 220 215
659 197 204 202
660 204 208 202
661 279 284 314
662 284 319 314
663 245 251 279
664 251 284 279
665 220 224 245
666 224 251 245
667 208 212 220
668 212 224 220
669 204 209 208
670 209 212 208
671 284 290 319
672 290 322 319
673 251 255 284
674 255 290 284
675 224 234 251
676 234 255 251
677 212 217 224
678 217 234 224
679 209 214 212
680 214 217 212
End Elements
MESH "Pressure load Auto10" dimension 3 ElemType Triangle Nnode 3
Unit "m"
Coordinates
End Coordinates
Elements
2281 1488 1482 1487
2282 1482 1481 1487
2283 1490 1484 1488
2284 1484 1482 1488
2285 1491 1485 1490
2286 1485 1484 1490
2287 1493 1489 1491
2288 1489 1485 1491
2289 1494 1492 1493
2290 1492 1489 1493
2291 1482 1475 1481
2292 1475 1474 1481
2293 1484 1478 1482
2294 1478 1475 1482
2295 1485 1479 1484
2296 1479 1478 1484
2297 1489 1483 1485
2298 1483 1479 1485
2299 1492 1486 1489
2300 1486 1483 1489
2301 1475 1468 1474
2302 1468 1467 1474
2303 1478 1470 1475
2304 1470 1468 1475
2305 1479 1472 1478
2306 1472 1470 1478
2307 1483 1477 1479
2308 1477 1472 1479
2309 1486 1480 1483
2310 1480 1477 1483
2311 1468 1458 1467
2312 1458 1457 1467
2313 1470 1461 1468
2314 1461 1458 1468
2315 1472 1464 1470
2316 1464 1461 1470
2317 1477 1469 1472
2318 1469 1464 1472
2319 1480 1473 1477
2320 1473 1469 1477
2321 1458 1452 1457
2322 1452 1451 1457
2323 1461 1454 1458
2324 1454 1452 1458
2325 1464 1455 1461
2326 1455 1454 1461
2327 1469 1459 1464
2328 1459 1455 1464
2329 1473 1465 1469
2330 1465 1459 1469
2331 1452 1445 1451
2332 1445 1444 1451
2333 1454 1447 1452
2334 1447 1445 1452
2335 1455 1449 1454
2336 1449 1447 1454
2337 1459 1453 1455
2338 1453 1449 1455
2339 1465 1456 1459
2340 1456 1453 1459
2341 1445 1437 1444
2342 1437 1436 1444
2343 1447 1439 1445
2344 1439 1437 1445
2345 1449 1441 1447
2346 1441 1439 1447
2347 1453 1446 1449
2348 1446 1441 1449
2349 1456 1450 1453
2350 1450 1446 1453
2351 1437 1428 1436
2352 1428 1427 1436
2353 1439 1430 1437
2354 1430 1428 1437
2355 1441 1432 1439
2356 1432 1430 1439
2357 1446 1438 1441
2358 1438 1432 1441
2359 1450 1443 1446
2360 1443 1438 1446
2361 1428 1421 1427
2362 1421 1420 1427
2363 1430 1424 1428
2364 1424 1421 1428
2365 1432 1425 1430
2366 1425 1424 1430
2367 1438 1429 1432
2368 1429 1425 1432
2369 1443 1434 1438
2370 1434 1429 1438
2371 1421 1414 1420
2372 1414 1413 1420
2373 1424 1416 1421
2374 1416 1414 1421
2375 1425 1418 1424
2376 1418 1416 1424
2377 1429 1423 1425
2378 1423 1418 1425
2379 1434 1426 1429
2380 1426 1423 1429
2381 1414 1404 1413
2382 1404 1403 1413
2383 1416 1408 1414
2384 1408 1404 1414
2385 1418 1410 1416
2386 1410 1408 1416
2387 1423 1415 1418
2388 1415 1410 1418
2389 1426 1419 1423
2390 1419 1415 1423
2391 1404 1398 1403
2392 1398 1396 1403
2393 1408 1400 1404
2394 1400 1398 1404
2395 1410 1401 1408
2396 1401 1400 1408
2397 1415 1407 1410
2398 1407 1401 1410
2399 1419 1412 1415
2400 1412 1407 1415
2401 1398 1391 1396
2402 1391 1388 1396
2403 1400 1393 1398
2404 1393 1391 1398
2405 1401 1394 1400
2406 1394 1393 1400
2407 1407 1399 1401
2408 1399 1394 1401
2409 1412 1402 1407
2410 1402 1399 1407
2411 1391 1383 1388
2412 1383 1380 1388
2413 1393 1385 1391
2414 1385 1383 1391
2415 1394 1387 1393
2416 1387 1385 1393
2417 1399 1392 1394
2418 1392 1387 1394
2419 1402 1397 1399
2420 1397 1392 1399
2421 1383 1374 1380
2422 1374 1372 1380
2423 1385 1376 1383
2424 1376 1374 1383
2425 1387 1378 1385
2426 1378 1376 1385
2427 1392 1384 1387
2428 1384 1378 1387
2429 1397 1390 1392
2430 1390 1384 1392
2431 1374 1367 1372
2432 1367 1365 1372
2433 1376 1369 1374
2434 1369 1367 1374
2435 1378 1371 1376
2436 1371 1369 1376
2437 1384 1375 1378
2438 1375 1371 1378
2439 1390 1381 1384
2440 1381 1375 1384
2441 1367 1359 1365
2442 1359 1357 1365
2443 1369 1362 1367
2444 1362 1359 1367
2445 1371 1364 1369
2446 1364 1362 1369
2447 1375 1368 1371
2448 1368 1364 1371
2449 1381 1373 1375
2450 1373 1368 1375
2451 1359 1350 1357
2452 1350 1348 1357
2453 1362 1352 1359
2454 1352 1350 1359
2455 1364 1356 1362
2456 1356 1352 1362
2457 1368 1361 1364
2458 1361 1356 1364
2459 1373 1366 1368
2460 1366 1361 1368
2461 1350 1342 1348
2462 1342 1341 1348
2463 1352 1346 1350
2464 1346 1342 1350
2465 1356 1347 1352
2466 1347 1346 1352
2467 1361 1351 1356
2468 1351 1347 1356
2469 1366 1358 1361
2470 1358 1351 1361
2471 1342 1335 1341
2472 1335 1334 1341
2473 1346 1337 1342
2474 1337 1335 1342
2475 1347 1340 1346
2476 1340 1337 1346
2477 1351 1345 1347
2478 1345 1340 1347
2479 1358 1349 1351
2480 1349 1345 1351
End Elements
MESH "Pressure load Auto2" dimension 3 ElemType Triangle Nnode 3
Unit "m"
Coordinates
End Coordinates
Elements
681 290 296 322
682 296 327 322
683 255 261 290
684 261 296 290
685 234 241 255
686 241 261 255
687 217 222 234
688 222 241 234
689 214 219 217
690 219 222 217
691 296 302 327
692 302 332 327
693 261 267 296
694 267 302 296
695 241 247 261
696 247 267 261
697 222 232 241
698 232 247 241
699 219 226 222
700 226 232 222
701 302 307 332
702 307 336 332
703 267 277 302
704 277 307 302
705 247 252 267
706 252 277 267
707 232 239 247
708 239 252 247
709 226 236 232
710 236 239 232
711 307 313 336
712 313 341 336
713 277 285 307
714 285 313 307
715 252 258 277
716 258 285 277
717 239 248 252
718 248 258 252
719 236 243 239
720 243 248 239
721 313 317 341
722 317 345 341
723 285 292 313
724 292 317 313
725 258 264 285
726 264 292 285
727 248 254 258
728 254 264 258
729 243 250 248
730 250 254 248
731 317 324 345
732 324 350 345
733 292 298 317
734 298 324 317
735 264 276 292
736 276 298 292
737 254 260 264
738 260 276 264
739 250 256 254
740 256 260 254
741 324 329 350
742 329 354 350
743 298 305 324
744 305 329 324
745 276 286 298
746 286 305 298
747 260 269 276
748 269 286 276
749 256 262 260
750 262 269 260
751 329 334 354
752 334 359 354
753 305 312 329
754 312 334 329
755 286 294 305
756 294 312 305
757 269 280 286
758 280 294 286
759 262 274 269
760 274 280 269
761 334 339 359
762 339 364 359
763 312 318 334
764 318 339 334
765 294 301 312
766 301 318 312
767 280 288 294
768 288 301 294
769 274 283 280
770 283 288 280
771 339 346 364
772 346 370 364
773 318 325 339
774 325 346 339
775 301 308 318
776 308 325 318
777 288 297 301
778 297 308 301
779 283 293 288
780 293 297 288
781 346 351 370
782 351 374 370
783 325 331 346
784 331 351 346
785 308 315 325
786 315 331 325
787 297 304 308
788 304 315 308
789 293 300 297
790 300 304 297
791 351 357 374
792 357 378 374
793 331 337 351
794 337 357 351
795 315 321 331
796 321 337 331
797 304 311 315
798 311 321 315
799 300 309 304
800 309 311 304
801 357 363 378
802 363 383 378
803 337 343 357
804 343 363 357
805 321 328 337
806 328 343 337
807 311 320 321
808 320 328 321
809 309 316 311
810 316 320 311
811 363 367 383
812 367 389 383
813 343 349 363
814 349 367 363
815 328 335 343
816 335 349 343
817 320 326 328
818 326 335 328
819 316 323 320
820 323 326 320
821 367 372 389
822 372 395 389
823 349 356 367
824 356 372 367
825 335 342 349
826 342 356 349
827 326 333 335
828 333 342 335
829 323 330 326
830 330 333 326
831 372 379 395
832 379 399 395
833 356 362 372
834 362 379 372
835 342 348 356
836 348 362 356
837 333 340 342
838 340 348 342
839 330 338 333
840 338 340 333
841 379 385 399
842 385 405 399
843 362 368 379
844 368 385 379
845 348 355 362
846 355 368 362
847 340 347 348
848 347 355 348
849 338 344 340
850 344 347 340
851 385 390 405
852 390 409 405
853 368 375 385
854 375 390 385
855 355 361 368
856 361 375 368
857 347 353 355
858 353 361 355
859 344 352 347
860 352 353 347
861 390 396 409
862 396 415 409
863 375 380 390
864 380 396 390
865 361 369 375
866 369 380 375
867 353 360 361
868 360 369 361
869 352 358 353
870 358 360 353
871 396 402 415
872 402 421 415
873 380 386 396
874 386 402 396
875 369 376 380
876 376 386 380
877 360 366 369
878 366 376 369
879 358 365 360
880 365 366 360
End Elements
MESH "Pressure load Auto3" dimension 3 ElemType Triangle Nnode 3
Unit "m"
Coordinates
End Coordinates
Elements
881 402 408 421
882 408 427 421
883 386 392 402
884 392 408 402
885 376 382 386
886 382 392 386
887 366 373 376
888 373 382 376
889 365 371 366
890 371 373 366
891 408 414 427
892 414 431 427
893 392 398 408
894 398 414 408
895 382 388 392
896 388 398 392
897 373 381 382
898 381 388 382
899 371 377 373
900 377 381 373
901 414 419 431
902 419 436 431
903 398 404 414
904 404 419 414
905 388 394 398
906 394 404 398
907 381 387 388
908 387 394 388
909 377 384 381
910 384 387 381
911 419 424 436
912 424 441 436
913 404 410 419
914 410 424 419
915 394 401 404
916 401 410 404
917 387 393 394
918 393 401 394
919 384 391 387
920 391 393 387
921 424 430 441
922 430 447 441
923 410 416 424
924 416 430 424
925 401 406 410
926 406 416 410
927 393 400 401
928 400 406 401
929 391 397 393
930 397 400 393
931 430 435 447
932 435 452 447
933 416 422 430
934 422 435 430
935 406 412 416
936 412 422 416
937 400 407 406
938 407 412 406
939 397 403 400
940 403 407 400
941 435 442 452
942 442 458 452
943 422 428 435
944 428 442 435
945 412 418 422
946 418 428 422
947 407 413 412
948 413 418 412
949 403 411 407
950 411 413 407
951 442 448 458
952 448 463 458
953 428 434 442
954 434 448 442
955 418 425 428
956 425 434 428
957 413 420 418
958 420 425 418
959 411 417 413
960 417 420 413
961 448 454 463
962 454 469 463
963 434 440 448
964 440 454 448
965 425 432 434
966 432 440 434
967 420 426 425
968 426 432 425
969 417 423 420
970 423 426 420
971 454 460 469
972 460 474 469
973 440 446 454
974 446 460 454
975 432 438 440
976 438 446 440
977 426 433 432
978 433 438 432
979 423 429 426
980 429 433 426
981 460 466 474
982 466 479 474
983 446 453 460
984 453 466 460
985 438 444 446
986 444 453 446
987 433 439 438
988 439 444 438
989 429 437 433
990 437 439 433
991 466 471 479
992 471 485 479
993 453 459 466
994 459 471 466
995 444 450 453
996 450 459 453
997 439 445 444
998 445 450 444
999 437 443 439
1000 443 445 439
1001 471 477 485
1002 477 491 485
1003 459 465 471
1004 465 477 471
1005 450 456 459
1006 456 465 459
1007 445 451 450
1008 451 456 450
1009 443 449 445
1010 449 451 445
1011 477 483 491
1012 483 497 491
1013 465 472 477
1014 472 483 477
1015 456 462 465
1016 462 472 465
1017 451 457 456
1018 457 462 456
1019 449 455 451
1020 455 457 451
1021 483 488 497
1022 488 503 497
1023 472 478 483
1024 478 488 483
1025 462 468 472
1026 468 478 472
1027 457 464 462
1028 464 468 462
1029 455 461 457
1030 461 464 457
1031 488 494 503
1032 494 509 503
1033 478 484 488
1034 484 494 488
1035 468 475 478
1036 475 484 478
1037 464 470 468
1038 470 475 468
1039 461 467 464
1040 467 470 464
1041 494 500 509
1042 500 515 509
1043 484 490 494
1044 490 500 494
1045 475 481 484
1046 481 490 484
1047 470 476 475
1048 476 481 475
1049 467 473 470
1050 473 476 470
1051 500 506 515
1052 506 520 515
1053 490 496 500
1054 496 506 500
1055 481 487 490
1056 487 496 490
1057 476 482 481
1058 482 487 481
1059 473 480 476
1060 480 482 476
1061 506 510 520
1062 510 525 520
1063 496 502 506
1064 502 510 506
1065 487 493 496
1066 493 502 496
1067 482 489 487
1068 489 493 487
1069 480 486 482
1070 486 489 482
1071 510 516 525
1072 516 530 525
1073 502 507 510
1074 507 516 510
1075 493 498 502
1076 498 507 502
1077 489 495 493
1078 495 498 493
1079 486 492 489
1080 492 495 489
End Elements
MESH "Pressure load Auto4" dimension 3 ElemType Triangle Nnode 3
Unit "m"
Coordinates
End Coordinates
Elements
1081 516 522 530
1082 522 535 530
1083 507 513 516
1084 513 522 516
1085 498 504 507
1086 504 513 507
1087 495 501 498
1088 501 504 498
1089 492 499 495
1090 499 501 495
1091 522 528 535
1092 528 541 535
1093 513 519 522
1094 519 528 522
1095 504 511 513
1096 511 519 513
1097 501 508 504
1098 508 511 504
1099 499 505 501
1100 505 508 501
1101 528 534 541
1102 534 547 541
1103 519 526 528
1104 526 534 528
1105 511 517 519
1106 517 526 519
1107 508 514 511
1108 514 517 511
1109 505 512 508
1110 512 514 508
1111 534 540 547
1112 540 553 547
1113 526 532 534
1114 532 540 534
1115 517 523 526
1116 523 532 526
1117 514 521 517
1118 521 523 517
1119 512 518 514
1120 518 521 514
1121 540 546 553
1122 546 559 553
1123 532 538 540
1124 538 546 540
1125 523 529 532
1126 529 538 532
1127 521 527 523
1128 527 529 523
1129 518 524 521
1130 524 527 521
1131 546 552 559
1132 552 565 559
1133 538 544 546
1134 544 552 546
1135 529 536 538
1136 536 544 538
1137 527 533 529
1138 533 536 529
1139 524 531 527
1140 531 533 527
1141 552 558 565
1142 558 570 565
1143 544 549 552
1144 549 558 552
1145 536 542 544
1146 542 549 544
1147 533 539 536
1148 539 542 536
1149 531 537 533
1150 537 539 533
1151 558 564 570
1152 564 576 570
1153 549 555 558
1154 555 564 558
1155 542 548 549
1156 548 555 549
1157 539 545 542
1158 545 548 542
1159 537 543 539
1160 543 545 539
1161 564 571 576
1162 571 582 576
1163 555 561 564
1164 561 571 564
1165 548 554 555
1166 554 561 555
1167 545 551 548
1168 551 554 548
1169 543 550 545
1170 550 551 545
1171 571 577 582
1172 577 587 582
1173 561 567 571
1174 567 577 571
1175 554 560 561
1176 560 567 561
1177 551 557 554
1178 557 560 554
1179 550 556 551
1180 556 557 551
1181 577 583 587
1182 583 593 587
1183 567 573 577
1184 573 583 577
1185 560 566 567
1186 566 573 567
1187 557 563 560
1188 563 566 560
1189 556 562 557
1190 562 563 557
1191 583 589 593
1192 589 599 593
1193 573 579 583
1194 579 589 583
1195 566 572 573
1196 572 579 573
1197 563 569 566
1198 569 572 566
1199 562 568 563
1200 568 569 563
1201 589 595 599
1202 595 604 599
1203 579 585 589
1204 585 595 589
1205 572 578 579
1206 578 585 579
1207 569 575 572
1208 575 578 572
1209 568 574 569
1210 574 575 569
1211 595 600 604
1212 600 610 604
1213 585 591 595
1214 591 600 595
1215 578 584 585
1216 584 591 585
1217 575 581 578
1218 581 584 578
1219 574 580 575
1220 580 581 575
1221 600 606 610
1222 606 616 610
1223 591 596 600
1224 596 606 600
1225 584 590 591
1226 590 596 591
1227 581 588 584
1228 588 590 584
1229 580 586 581
1230 586 588 581
1231 606 612 616
1232 612 622 616
1233 596 602 606
1234 602 612 606
1235 590 597 596
1236 597 602 596
1237 588 594 590
1238 594 597 590
1239 586 592 588
1240 592 594 588
1241 612 618 622
1242 618 627 622
1243 602 608 612
1244 608 618 612
1245 597 603 602
1246 603 608 602
1247 594 601 597
1248 601 603 597
1249 592 598 594
1250 598 601 594
1251 618 624 627
1252 624 633 627
1253 608 614 618
1254 614 624 618
1255 603 609 608
1256 609 614 608
1257 601 607 603
1258 607 609 603
1259 598 605 601
1260 605 607 601
1261 624 629 633
1262 629 638 633
1263 614 620 624
1264 620 629 624
1265 609 615 614
1266 615 620 614
1267 607 613 609
1268 613 615 609
1269 605 611 607
1270 611 613 607
1271 629 635 638
1272 635 644 638
1273 620 626 629
1274 626 635 629
1275 615 621 620
1276 621 626 620
1277 613 619 615
1278 619 621 615
1279 611 617 613
1280 617 619 613
End Elements
MESH "Pressure load Auto5" dimension 3 ElemType Triangle Nnode 3
Unit "m"
Coordinates
End Coordinates
Elements
1281 635 641 644
1282 641 650 644
1283 626 632 635
1284 632 641 635
1285 621 628 626
1286 628 632 626
1287 619 625 621
1288 625 628 621
1289 617 623 619
1290 623 625 619
1291 641 647 650
1292 647 656 650
1293 632 639 641
1294 639 647 641
1295 628 634 632
1296 634 639 632
1297 625 631 628
1298 631 634 628
1299 623 630 625
1300 630 631 625
1301 647 653 656
1302 653 662 656
1303 639 645 647
1304 645 653 647
1305 634 640 639
1306 640 645 639
1307 631 637 634
1308 637 640 634
1309 630 636 631
1310 636 637 631
1311 653 659 662
1312 659 668 662
1313 645 651 653
1314 651 659 653
1315 640 646 645
1316 646 651 645
1317 637 643 640
1318 643 646 640
1319 636 642 637
1320 642 643 637
1321 659 665 668
1322 665 674 668
1323 651 657 659
1324 657 665 659
1325 646 652 651
1326 652 657 651
1327 643 649 646
1328 649 652 646
1329 642 648 643
1330 648 649 643
1331 665 671 674
1332 671 680 674
1333 657 663 665
1334 663 671 665
1335 652 658 657
1336 658 663 657
1337 649 655 652
1338 655 658 652
1339 648 654 649
1340 654 655 649
1341 671 677 680
1342 677 686 680
1343 663 669 671
1344 669 677 671
1345 658 664 663
1346 664 669 663
1347 655 661 658
1348 661 664 658
1349 654 660 655
1350 660 661 655
1351 677 683 686
1352 683 692 686
1353 669 675 677
1354 675 683 677
1355 664 670 669
1356 670 675 669
1357 661 667 664
1358 667 670 664
1359 660 666 661
1360 666 667 661
1361 683 689 692
1362 689 697 692
1363 675 681 683
1364 681 689 683
1365 670 676 675
1366 676 681 675
1367 667 673 670
1368 673 676 670
1369 666 672 667
1370 672 673 667
1371 689 694 697
1372 694 703 697
1373 681 687 689
1374 687 694 689
1375 676 682 681
1376 682 687 681
1377 673 679 676
1378 679 682 676
1379 672 678 673
1380 678 679 673
1381 694 700 703
1382 700 709 703
1383 687 693 694
1384 693 700 694
1385 682 688 687
1386 688 693 687
1387 679 685 682
1388 685 688 682
1389 678 684 679
1390 684 685 679
1391 700 706 709
1392 706 714 709
1393 693 699 700
1394 699 706 700
1395 688 695 693
1396 695 699 693
1397 685 691 688
1398 691 695 688
1399 684 690 685
1400 690 691 685
1401 706 712 714
1402 712 720 714
1403 699 705 706
1404 705 712 706
1405 695 701 699
1406 701 705 699
1407 691 698 695
1408 698 701 695
1409 690 696 691
1410 696 698 691
1411 712 718 720
1412 718 726 720
1413 705 711 712
1414 711 718 712
1415 701 707 705
1416 707 711 705
1417 698 704 701
1418 704 707 701
1419 696 702 698
1420 702 704 698
1421 718 724 726
1422 724 732 726
1423 711 717 718
1424 717 724 718
1425 707 713 711
1426 713 717 711
1427 704 710 707
1428 710 713 707
1429 702 708 704
1430 708 710 704
1431 724 730 732
1432 730 738 732
1433 717 723 724
1434 723 730 724
1435 713 719 717
1436 719 723 717
1437 710 716 713
1438 716 719 713
1439 708 715 710
1440 715 716 710
1441 730 736 738
1442 736 744 738
1443 723 729 730
1444 729 736 730
1445 719 725 723
1446 725 729 723
1447 716 722 719
1448 722 725 719
1449 715 721 716
1450 721 722 716
1451 736 742 744
1452 742 750 744
1453 729 735 736
1454 735 742 736
1455 725 731 729
1456 731 735 729
1457 722 728 725
1458 728 731 725
1459 721 727 722
1460 727 728 722
1461 742 748 750
1462 748 756 750
1463 735 741 742
1464 741 748 742
1465 731 737 735
1466 737 741 735
1467 728 734 731
1468 734 737 731
1469 727 733 728
1470 733 734 728
1471 748 754 756
1472 754 762 756
1473 741 747 748
1474 747 754 748
1475 737 743 741
1476 743 747 741
1477 734 740 737
1478 740 743 737
1479 733 739 734
1480 739 740 734
End Elements
MESH "Pressure load Auto6" dimension 3 ElemType Triangle Nnode 3
Unit "m"
Coordinates
End Coordinates
Elements
1481 754 760 762
1482 760 768 762
1483 747 753 754
1484 753 760 754
1485 743 749 747
1486 749 753 747
1487 740 746 743
1488 746 749 743
1489 739 745 740
1490 745 746 740
1491 760 766 768
1492 766 774 768
1493 753 759 760
1494 759 766 760
1495 749 755 753
1496 755 759 753
1497 746 752 749
1498 752 755 749
1499 745 751 746
1500 751 752 746
1501 766 772 774
1502 772 780 774
1503 759 765 766
1504 765 772 766
1505 755 761 759
1506 761 765 759
1507 752 758 755
1508 758 761 755
1509 751 757 752
1510 757 758 752
1511 772 778 780
1512 778 785 780
1513 765 771 772
1514 771 778 772
1515 761 767 765
1516 767 771 765
1517 758 764 761
1518 764 767 761
1519 757 763 758
1520 763 764 758
1521 778 783 785
1522 783 791 785
1523 771 777 778
1524 777 783 778
1525 767 773 771
1526 773 777 771
1527 764 770 767
1528 770 773 767
1529 763 769 764
1530 769 770 764
1531 783 789 791
1532 789 797 791
1533 777 784 783
1534 784 789 783
1535 773 779 777
1536 779 784 777
1537 770 776 773
1538 776 779 773
1539 769 775 770
1540 775 776 770
1541 789 795 797
1542 795 803 797
1543 784 790 789
1544 790 795 789
1545 779 786 784
1546 786 790 784
1547 776 782 779
1548 782 786 779
1549 775 781 776
1550 781 782 776
1551 795 801 803
1552 801 809 803
1553 790 796 795
1554 796 801 795
1555 786 792 790
1556 792 796 790
1557 782 788 786
1558 788 792 786
1559 781 787 782
1560 787 788 782
1561 801 807 809
1562 807 815 809
1563 796 802 801
1564 802 807 801
1565 792 798 796
1566 798 802 796
1567 788 794 792
1568 794 798 792
1569 787 793 788
1570 793 794 788
1571 807 813 815
1572 813 821 815
1573 802 808 807
1574 808 813 807
1575 798 804 802
1576 804 808 802
1577 794 800 798
1578 800 804 798
1579 793 799 794
1580 799 800 794
1581 813 819 821
1582 819 827 821
1583 808 814 813
1584 814 819 813
1585 804 810 808
1586 810 814 808
1587 800 806 804
1588 806 810 804
1589 799 805 800
1590 805 806 800
1591 819 824 827
1592 824 833 827
1593 814 820 819
1594 820 824 819
1595 810 816 814
1596 816 820 814
1597 806 812 810
1598 812 816 810
1599 805 811 806
1600 811 812 806
1601 824 830 833
1602 830 839 833
1603 820 826 824
1604 826 830 824
1605 816 822 820
1606 822 826 820
1607 812 818 816
1608 818 822 816
1609 811 817 812
1610 817 818 812
1611 830 836 839
1612 836 845 839
1613 826 832 830
1614 832 836 830
1615 822 828 826
1616 828 832 826
1617 818 825 822
1618 825 828 822
1619 817 823 818
1620 823 825 818
1621 836 842 845
1622 842 851 845
1623 832 838 836
1624 838 842 836
1625 828 834 832
1626 834 838 832
1627 825 831 828
1628 831 834 828
1629 823 829 825
1630 829 831 825
1631 842 848 851
1632 848 857 851
1633 838 844 842
1634 844 848 842
1635 834 840 838
1636 840 844 838
1637 831 837 834
1638 837 840 834
1639 829 835 831
1640 835 837 831
1641 848 854 857
1642 854 863 857
1643 844 850 848
1644 850 854 848
1645 840 846 844
1646 846 850 844
1647 837 843 840
1648 843 846 840
1649 835 841 837
1650 841 843 837
1651 854 860 863
1652 860 869 863
1653 850 856 854
1654 856 860 854
1655 846 852 850
1656 852 856 850
1657 843 849 846
1658 849 852 846
1659 841 847 843
1660 847 849 843
1661 860 866 869
1662 866 874 869
1663 856 862 860
1664 862 866 860
1665 852 858 856
1666 858 862 856
1667 849 855 852
1668 855 858 852
1669 847 853 849
1670 853 855 849
1671 866 871 874
1672 871 879 874
1673 862 867 866
1674 867 871 866
1675 858 864 862
1676 864 867 862
1677 855 861 858
1678 861 864 858
1679 853 859 855
1680 859 861 855
End Elements
MESH "Pressure load Auto7" dimension 3 ElemType Triangle Nnode 3
Unit "m"
Coordinates
End Coordinates
Elements
1681 871 877 879
1682 877 885 879
1683 867 873 871
1684 873 877 871
1685 864 870 867
1686 870 873 867
1687 861 868 864
1688 868 870 864
1689 859 865 861
1690 865 868 861
1691 877 883 885
1692 883 891 885
1693 873 880 877
1694 880 883 877
1695 870 876 873
1696 876 880 873
1697 868 875 870
1698 875 876 870
1699 865 872 868
1700 872 875 868
1701 883 889 891
1702 889 897 891
1703 880 886 883
1704 886 889 883
1705 876 882 880
1706 882 886 880
1707 875 881 876
1708 881 882 876
1709 872 878 875
1710 878 881 875
1711 889 895 897
1712 895 902 897
1713 886 892 889
1714 892 895 889
1715 882 888 886
1716 888 892 886
1717 881 887 882
1718 887 888 882
1719 878 884 881
1720 884 887 881
1721 895 901 902
1722 901 908 902
1723 892 898 895
1724 898 901 895
1725 888 894 892
1726 894 898 892
1727 887 893 888
1728 893 894 888
1729 884 890 887
1730 890 893 887
1731 901 907 908
1732 907 914 908
1733 898 904 901
1734 904 907 901
1735 894 900 898
1736 900 904 898
1737 893 899 894
1738 899 900 894
1739 890 896 893
1740 896 899 893
1741 907 913 914
1742 913 920 914
1743 904 910 907
1744 910 913 907
1745 900 906 904
1746 906 910 904
1747 899 905 900
1748 905 906 900
1749 896 903 899
1750 903 905 899
1751 913 919 920
1752 919 926 920
1753 910 916 913
1754 916 919 913
1755 906 912 910
1756 912 916 910
1757 905 911 906
1758 911 912 906
1759 903 909 905
1760 909 911 905
1761 919 925 926
1762 925 932 926
1763 916 922 919
1764 922 925 919
1765 912 918 916
1766 918 922 916
1767 911 917 912
1768 917 918 912
1769 909 915 911
1770 915 917 911
1771 925 931 932
1772 931 938 932
1773 922 928 925
1774 928 931 925
1775 918 924 922
1776 924 928 922
1777 917 923 918
1778 923 924 918
1779 915 921 917
1780 921 923 917
1781 931 937 938
1782 937 944 938
1783 928 934 931
1784 934 937 931
1785 924 930 928
1786 930 934 928
1787 923 929 924
1788 929 930 924
1789 921 927 923
1790 927 929 923
1791 937 943 944
1792 943 950 944
1793 934 940 937
1794 940 943 937
1795 930 936 934
1796 936 940 934
1797 929 935 930
1798 935 936 930
1799 927 933 929
1800 933 935 929
1801 943 949 950
1802 949 956 950
1803 940 946 943
1804 946 949 943
1805 936 942 940
1806 942 946 940
1807 935 941 936
1808 941 942 936
1809 933 939 935
1810 939 941 935
1811 949 955 956
1812 955 962 956
1813 946 952 949
1814 952 955 949
1815 942 948 946
1816 948 952 946
1817 941 947 942
1818 947 948 942
1819 939 945 941
1820 945 947 941
1821 955 961 962
1822 961 967 962
1823 952 957 955
1824 957 961 955
1825 948 954 952
1826 954 957 952
1827 947 953 948
1828 953 954 948
1829 945 951 947
1830 951 953 947
1831 961 968 967
1832 968 973 967
1833 957 963 961
1834 963 968 961
1835 954 960 957
1836 960 963 957
1837 953 959 954
1838 959 960 954
1839 951 958 953
1840 958 959 953
1841 968 974 973
1842 974 979 973
1843 963 969 968
1844 969 974 968
1845 960 966 963
1846 966 969 963
1847 959 965 960
1848 965 966 960
1849 958 964 959
1850 964 965 959
1851 974 980 979
1852 980 985 979
1853 969 975 974
1854 975 980 974
1855 966 972 969
1856 972 975 969
1857 965 971 966
1858 971 972 966
1859 964 970 965
1860 970 971 965
1861 980 986 985
1862 986 991 985
1863 975 981 980
1864 981 986 980
1865 972 978 975
1866 978 981 975
1867 971 977 972
1868 977 978 972
1869 970 976 971
1870 976 977 971
1871 986 992 991
1872 992 997 991
1873 981 987 986
1874 987 992 986
1875 978 984 981
1876 984 987 981
1877 977 983 978
1878 983 984 978
1879 976 982 977
1880 982 983 977
End Elements
MESH "Pressure load Auto8" dimension 3 ElemType Triangle Nnode 3
Unit "m"
Coordinates
End Coordinates
Elements
1881 992 998 997
1882 998 1003 997
1883 987 993 992
1884 993 998 992
1885 984 990 987
1886 990 993 987
1887 983 989 984
1888 989 990 984
1889 982 988 983
1890 988 989 983
1891 998 1004 1003
1892 1004 1009 1003
1893 993 999 998
1894 999 1004 998
1895 990 996 993
1896 996 999 993
1897 989 995 990
1898 995 996 990
1899 988 994 989
1900 994 995 989
1901 1004 1010 1009
1902 1010 1015 1009
1903 999 1005 1004
1904 1005 1010 1004
1905 996 1002 999
1906 1002 1005 999
1907 995 1001 996
1908 1001 1002 996
1909 994 1000 995
1910 1000 1001 995
1911 1010 1016 1015
1912 1016 1021 1015
1913 1005 1011 1010
1914 1011 1016 1010
1915 1002 1008 1005
1916 1008 1011 1005
1917 1001 1007 1002
1918 1007 1008 1002
1919 1000 1006 1001
1920 1006 1007 1001
1921 1016 1022 1021
1922 1022 1027 1021
1923 1011 1017 1016
1924 1017 1022 1016
1925 1008 1014 1011
1926 1014 1017 1011
1927 1007 1013 1008
1928 1013 1014 1008
1929 1006 1012 1007
1930 1012 1013 1007
1931 1022 1028 1027
1932 1028 1037 1027
1933 1017 1023 1022
1934 1023 1028 1022
1935 1014 1020 1017
1936 1020 1023 1017
1937 1013 1019 1014
1938 1019 1020 1014
1939 1012 1018 1013
1940 1018 1019 1013
1941 1028 1038 1037
1942 1038 1052 1037
1943 1023 1029 1028
1944 1029 1038 1028
1945 1020 1026 1023
1946 1026 1029 1023
1947 1019 1025 1020
1948 1025 1026 1020
1949 1018 1024 1019
1950 1024 1025 1019
1951 1038 1055 1052
1952 1055 1067 1052
1953 1029 1043 1038
1954 1043 1055 1038
1955 1026 1035 1029
1956 1035 1043 1029
1957 1025 1031 1026
1958 1031 1035 1026
1959 1024 1030 1025
1960 1030 1031 1025
1961 1055 1068 1067
1962 1068 1081 1067
1963 1043 1057 1055
1964 1057 1068 1055
1965 1035 1051 1043
1966 1051 1057 1043
1967 1031 1046 1035
1968 1046 1051 1035
1969 1030 1044 1031
1970 1044 1046 1031
1971 1068 1083 1081
1972 1083 1095 1081
1973 1057 1074 1068
1974 1074 1083 1068
1975 1051 1066 1057
1976 1066 1074 1057
1977 1046 1063 1051
1978 1063 1066 1051
1979 1044 1060 1046
1980 1060 1063 1046
1981 1083 1096 1095
1982 1096 1105 1095
1983 1074 1086 1083
1984 1086 1096 1083
1985 1066 1080 1074
1986 1080 1086 1074
1987 1063 1077 1066
1988 1077 1080 1066
1989 1060 1076 1063
1990 1076 1077 1063
1991 1096 1106 1105
1992 1106 1114 1105
1993 1086 1097 1096
1994 1097 1106 1096
1995 1080 1091 1086
1996 1091 1097 1086
1997 1077 1089 1080
1998 1089 1091 1080
1999 1076 1087 1077
2000 1087 1089 1077
2001 1106 1116 1114
2002 1116 1125 1114
2003 1097 1109 1106
2004 1109 1116 1106
2005 1091 1103 1097
2006 1103 1109 1097
2007 1089 1100 1091
2008 1100 1103 1091
2009 1087 1099 1089
2010 1099 1100 1089
2011 1116 1126 1125
2012 1126 1134 1125
2013 1109 1118 1116
2014 1118 1126 1116
2015 1103 1113 1109
2016 1113 1118 1109
2017 1100 1111 1103
2018 1111 1113 1103
2019 1099 1110 1100
2020 1110 1111 1100
2021 1126 1135 1134
2022 1135 1144 1134
2023 1118 1129 1126
2024 1129 1135 1126
2025 1113 1124 1118
2026 1124 1129 1118
2027 1111 1122 1113
2028 1122 1124 1113
2029 1110 1121 1111
2030 1121 1122 1111
2031 1135 1146 1144
2032 1146 1152 1144
2033 1129 1138 1135
2034 1138 1146 1135
2035 1124 1132 1129
2036 1132 1138 1129
2037 1122 1131 1124
2038 1131 1132 1124
2039 1121 1130 1122
2040 1130 1131 1122
2041 1146 1154 1152
2042 1154 1162 1152
2043 1138 1147 1146
2044 1147 1154 1146
2045 1132 1143 1138
2046 1143 1147 1138
2047 1131 1141 1132
2048 1141 1143 1132
2049 1130 1140 1131
2050 1140 1141 1131
2051 1154 1164 1162
2052 1164 1169 1162
2053 1147 1157 1154
2054 1157 1164 1154
2055 1143 1151 1147
2056 1151 1157 1147
2057 1141 1150 1143
2058 1150 1151 1143
2059 1140 1148 1141
2060 1148 1150 1141
2061 1164 1171 1169
2062 1171 1179 1169
2063 1157 1165 1164
2064 1165 1171 1164
2065 1151 1163 1157
2066 1163 1165 1157
2067 1150 1160 1151
2068 1160 1163 1151
2069 1148 1159 1150
2070 1159 1160 1150
2071 1171 1182 1179
2072 1182 1187 1179
2073 1165 1175 1171
2074 1175 1182 1171
2075 1163 1170 1165
2076 1170 1175 1165
2077 1160 1168 1163
2078 1168 1170 1163
2079 1159 1167 1160
2080 1167 1168 1160
End Elements
MESH "Pressure load Auto9" dimension 3 ElemType Triangle Nnode 3
Unit "m"
Coordinates
End Coordinates
Elements
2081 1182 1189 1187
2082 1189 1197 1187
2083 1175 1183 1182
2084 1183 1189 1182
2085 1170 1181 1175
2086 1181 1183 1175
2087 1168 1178 1170
2088 1178 1181 1170
2089 1167 1177 1168
2090 1177 1178 1168
2091 1189 1199 1197
2092 1199 1205 1197
2093 1183 1192 1189
2094 1192 1199 1189
2095 1181 1188 1183
2096 1188 1192 1183
2097 1178 1186 1181
2098 1186 1188 1181
2099 1177 1184 1178
2100 1184 1186 1178
2101 1199 1207 1205
2102 1207 1214 1205
2103 1192 1201 1199
2104 1201 1207 1199
2105 1188 1198 1192
2106 1198 1201 1192
2107 1186 1195 1188
2108 1195 1198 1188
2109 1184 1194 1186
2110 1194 1195 1186
2111 1207 1216 1214
2112 1216 1222 1214
2113 1201 1208 1207
2114 1208 1216 1207
2115 1198 1206 1201
2116 1206 1208 1201
2117 1195 1203 1198
2118 1203 1206 1198
2119 1194 1202 1195
2120 1202 1203 1195
2121 1216 1224 1222
2122 1224 1229 1222
2123 1208 1218 1216
2124 1218 1224 1216
2125 1206 1215 1208
2126 1215 1218 1208
2127 1203 1211 1206
2128 1211 1215 1206
2129 1202 1209 1203
2130 1209 1211 1203
2131 1224 1232 1229
2132 1232 1239 1229
2133 1218 1226 1224
2134 1226 1232 1224
2135 1215 1223 1218
2136 1223 1226 1218
2137 1211 1221 1215
2138 1221 1223 1215
2139 1209 1220 1211
2140 1220 1221 1211
2141 1232 1241 1239
2142 1241 1247 1239
2143 1226 1235 1232
2144 1235 1241 1232
2145 1223 1230 1226
2146 1230 1235 1226
2147 1221 1228 1223
2148 1228 1230 1223
2149 1220 1227 1221
2150 1227 1228 1221
2151 1241 1249 1247
2152 1249 1254 1247
2153 1235 1243 1241
2154 1243 1249 1241
2155 1230 1240 1235
2156 1240 1243 1235
2157 1228 1238 1230
2158 1238 1240 1230
2159 1227 1236 1228
2160 1236 1238 1228
2161 1249 1257 1254
2162 1257 1264 1254
2163 1243 1250 1249
2164 1250 1257 1249
2165 1240 1248 1243
2166 1248 1250 1243
2167 1238 1246 1240
2168 1246 1248 1240
2169 1236 1244 1238
2170 1244 1246 1238
2171 1257 1266 1264
2172 1266 1271 1264
2173 1250 1260 1257
2174 1260 1266 1257
2175 1248 1256 1250
2176 1256 1260 1250
2177 1246 1253 1248
2178 1253 1256 1248
2179 1244 1252 1246
2180 1252 1253 1246
2181 1266 1273 1271
2182 1273 1279 1271
2183 1260 1268 1266
2184 1268 1273 1266
2185 1256 1265 1260
2186 1265 1268 1260
2187 1253 1262 1256
2188 1262 1265 1256
2189 1252 1261 1253
2190 1261 1262 1253
2191 1273 1282 1279
2192 1282 1288 1279
2193 1268 1275 1273
2194 1275 1282 1273
2195 1265 1272 1268
2196 1272 1275 1268
2197 1262 1270 1265
2198 1270 1272 1265
2199 1261 1269 1262
2200 1269 1270 1262
2201 1282 1290 1288
2202 1290 1295 1288
2203 1275 1284 1282
2204 1284 1290 1282
2205 1272 1281 1275
2206 1281 1284 1275
2207 1270 1277 1272
2208 1277 1281 1272
2209 1269 1276 1270
2210 1276 1277 1270
2211 1290 1298 1295
2212 1298 1303 1295
2213 1284 1292 1290
2214 1292 1298 1290
2215 1281 1289 1284
2216 1289 1292 1284
2217 1277 1287 1281
2218 1287 1289 1281
2219 1276 1286 1277
2220 1286 1287 1277
2221 1298 1306 1303
2222 1306 1312 1303
2223 1292 1299 1298
2224 1299 1306 1298
2225 1289 1297 1292
2226 1297 1299 1292
2227 1287 1294 1289
2228 1294 1297 1289
2229 1286 1293 1287
2230 1293 1294 1287
2231 1306 1314 1312
2232 1314 1319 1312
2233 1299 1308 1306
2234 1308 1314 1306
2235 1297 1305 1299
2236 1305 1308 1299
2237 1294 1301 1297
2238 1301 1305 1297
2239 1293 1300 1294
2240 1300 1301 1294
2241 1314 1322 1319
2242 1322 1326 1319
2243 1308 1316 1314
2244 1316 1322 1314
2245 1305 1313 1308
2246 1313 1316 1308
2247 1301 1311 1305
2248 1311 1313 1305
2249 1300 1310 1301
2250 1310 1311 1301
2251 1322 1330 1326
2252 1330 1336 1326
2253 1316 1323 1322
2254 1323 1330 1322
2255 1313 1321 1316
2256 1321 1323 1316
2257 1311 1318 1313
2258 1318 1321 1313
2259 1310 1317 1311
2260 1317 1318 1311
2261 1330 1338 1336
2262 1338 1343 1336
2263 1323 1332 1330
2264 1332 1338 1330
2265 1321 1329 1323
2266 1329 1332 1323
2267 1318 1325 1321
2268 1325 1329 1321
2269 1317 1324 1318
2270 1324 1325 1318
2271 1338 1345 1343
2272 1345 1349 1343
2273 1332 1340 1338
2274 1340 1345 1338
2275 1329 1337 1332
2276 1337 1340 1332
2277 1325 1335 1329
2278 1335 1337 1329
2279 1324 1334 1325
2280 1334 1335 1325
End Elements
